Workbook

Sheet อัตรา
B1: Data | C1: ปีงบประมาณ 2568 | O1: ปีงบประมาณ 2569
C2: ต.ค. 67 | D2: พ.ย. 67 | E2: ธ.ค. 67 | F2: ม.ค. 68 | G2: ก.พ. 68 | H2: มี.ค. 68 | I2: เม.ย. 68 | J2: พ.ค. 68 | K2: มิ.ย. 68 | L2: ก.ค. 68 | M2: ส.ค. 68 | N2: ก.ย. 68 | O2: ต.ค. 68 | P2: พ.ย. 68 | Q2: ธ.ค. 68 | R2: ม.ค. 69 | S2: ก.พ. 69 | T2: มี.ค. 69 | U2: เม.ย. 69 | V2: พ.ค. 69 | W2: มิ.ย. 69 | X2: ก.ค. 69 | Y2: ส.ค. 69 | Z2: ก.ย. 69
A3: 1 | B3: ชลบุรี (พ) | C3: 21.09 | D3: 20.51 | E3: 22.15 | F3: 22.51 | G3: 20.07 | H3: 19.23 | I3: 23.2 | J3: 23.36 | K3: 22.69 | L3: 21.92 | M3: 22.5 | N3: 20.87 | O3: ='ต.ค.68'!H4 -> 23.194086 | P3: =VLOOKUP(A3,'พ.ย. 68'!$A$2:$N$26,10,1) -> #N/A | Q3: =VLOOKUP(A3,'ธ.ค. 68'!$A$2:$N$26,10,1) -> #N/A | R3: 25.470582
A4: 2 | B4: พัทยา (พ) | C4: 22.05 | D4: 23.02 | E4: 15.89 | F4: 24.22 | G4: 30.77 | H4: 14.22 | I4: 23.66 | J4: 22.13 | K4: 27.7 | L4: 23.67 | M4: 18.18 | N4: 18.2 | O4: ='ต.ค.68'!H5 -> 23.49094 | P4: =VLOOKUP(A4,'พ.ย. 68'!$A$2:$N$26,10,1) -> #N/A | Q4: =VLOOKUP(A4,'ธ.ค. 68'!$A$2:$N$26,10,1) -> #N/A | R4: 20.267586
A5: 3 | B5: บ้านบึง | C5: 28.53 | D5: 22.39 | E5: 28.24 | F5: 25.64 | G5: 20.19 | H5: 24.32 | I5: 25.42 | J5: 26.11 | K5: 25.89 | L5: 23.44 | M5: 24.96 | N5: 26.83 | O5: ='ต.ค.68'!H6 -> 30.737661 | P5: =VLOOKUP(A5,'พ.ย. 68'!$A$2:$N$26,10,1) -> #N/A | Q5: =VLOOKUP(A5,'ธ.ค. 68'!$A$2:$N$26,10,1) -> #N/A | R5: 28.591624
A6: 4 | B6: พนัสนิคม | C6: 21.93 | D6: 19.46 | E6: 24.27 | F6: 20.34 | G6: 18.32 | H6: 19.99 | I6: 20.09 | J6: 21.77 | K6: 20.11 | L6: 26.94 | M6: 24.26 | N6: 20.28 | O6: ='ต.ค.68'!H7 -> 25.61632 | P6: =VLOOKUP(A6,'พ.ย. 68'!$A$2:$N$26,10,1) -> #N/A | Q6: =VLOOKUP(A6,'ธ.ค. 68'!$A$2:$N$26,10,1) -> #N/A | R6: 19.648354
A7: 5 | B7: ศรีราชา | C7: 24.57 | D7: 26.22 | E7: 25.54 | F7: 28.28 | G7: 28.94 | H7: 29.26 | I7: 29.43 | J7: 31.61 | K7: 34.7 | L7: 35.14 | M7: 34.82 | N7: 30.31 | O7: ='ต.ค.68'!H8 -> 35.487825 | P7: =VLOOKUP(A7,'พ.ย. 68'!$A$2:$N$26,10,1) -> #N/A | Q7: =VLOOKUP(A7,'ธ.ค. 68'!$A$2:$N$26,10,1) -> #N/A | R7: 30.682491
A8: 6 | B8: แหลมฉบัง | C8: 17.64 | D8: 16.38 | E8: 15.54 | F8: 17.46 | G8: 21.77 | H8: 24.43 | I8: 22.54 | J8: 26.39 | K8: 24.87 | L8: 24.71 | M8: 21.91 | N8: 22.48 | O8: ='ต.ค.68'!H9 -> 28.397525 | P8: =VLOOKUP(A8,'พ.ย. 68'!$A$2:$N$26,10,1) -> #N/A | Q8: =VLOOKUP(A8,'ธ.ค. 68'!$A$2:$N$26,10,1) -> #N/A | R8: 24.373788
A9: 7 | B9: ฉะเชิงเทรา | C9: 14.98 | D9: 15.03 | E9: 14.64 | F9: 12.32 | G9: 14.08 | H9: 14.91 | I9: 11.37 | J9: 15.88 | K9: 13.68 | L9: 10.19 | M9: 8.67 | N9: 9.16 | O9: ='ต.ค.68'!H10 -> 11.324658 | P9: =VLOOKUP(A9,'พ.ย. 68'!$A$2:$N$26,10,1) -> #N/A | Q9: =VLOOKUP(A9,'ธ.ค. 68'!$A$2:$N$26,10,1) -> #N/A | R9: 10.862445
A10: 8 | B10: บางปะกง | C10: 11.46 | D10: 9.99 | E10: 11.82 | F10: 11.22 | G10: 9.14 | H10: 8.34 | I10: 7.41 | J10: 8.04 | K10: 10 | L10: 8.85 | M10: 1.17 | N10: 7.41 | O10: ='ต.ค.68'!H11 -> 13.455324 | P10: =VLOOKUP(A10,'พ.ย. 68'!$A$2:$N$26,10,1) -> #N/A | Q10: =VLOOKUP(A10,'ธ.ค. 68'!$A$2:$N$26,10,1) -> #N/A | R10: 9.8837554
A11: 9 | B11: บางคล้า | C11: 28.6 | D11: 28.21 | E11: 27.32 | F11: 25.8 | G11: 25.83 | H11: 27.34 | I11: 23.75 | J11: 29.65 | K11: 29.2 | L11: 28.99 | M11: 26.97 | N11: 22.85 | O11: ='ต.ค.68'!H12 -> 32.464967 | P11: =VLOOKUP(A11,'พ.ย. 68'!$A$2:$N$26,10,1) -> #N/A | Q11: =VLOOKUP(A11,'ธ.ค. 68'!$A$2:$N$26,10,1) -> #N/A | R11: 28.161334
A12: 10 | B12: พนมสารคาม | C12: 31.75 | D12: 30.74 | E12: 30.06 | F12: 37.11 | G12: 35.32 | H12: 24.22 | I12: 31.16 | J12: 31.38 | K12: 30.63 | L12: 31.38 | M12: 30.12 | N12: 28.45 | O12: ='ต.ค.68'!H13 -> 30.022147 | P12: =VLOOKUP(A12,'พ.ย. 68'!$A$2:$N$26,10,1) -> #N/A | Q12: =VLOOKUP(A12,'ธ.ค. 68'!$A$2:$N$26,10,1) -> #N/A | R12: 28.796095
A13: 11 | B13: ระยอง | C13: 15.58 | D13: 12.55 | E13: 11.33 | F13: 15.62 | G13: 14.14 | H13: 10.23 | I13: 10.58 | J13: 17.03 | K13: 13.29 | L13: 16.44 | M13: 13.21 | N13: 11.06 | O13: ='ต.ค.68'!H14 -> 16.077662 | P13: =VLOOKUP(A13,'พ.ย. 68'!$A$2:$N$26,10,1) -> #N/A | Q13: =VLOOKUP(A13,'ธ.ค. 68'!$A$2:$N$26,10,1) -> #N/A | R13: 7.7655533
A14: 12 | B14: บ้านฉาง | C14: 34.95 | D14: 30.6 | E14: 32 | F14: 30.6 | G14: 31.93 | H14: 27.37 | I14: 26.22 | J14: 27.27 | K14: 17.98 | L14: 20.11 | M14: 22.09 | N14: 24.17 | O14: ='ต.ค.68'!H15 -> 26.171533 | P14: =VLOOKUP(A14,'พ.ย. 68'!$A$2:$N$26,10,1) -> #N/A | Q14: =VLOOKUP(A14,'ธ.ค. 68'!$A$2:$N$26,10,1) -> #N/A | R14: 25.807357
... A25: 23 | B25: ภาพรวม กปภ.ข.1 | C25: 27.8 | D25: 26.99 | E25: 26.26 | F25: 27.02 | G25: 27.75 | H25: 24.64 | I25: 25.94 | J25: 27.83 | K25: 26.93 | L25: 27.54 | M25: 25.97 | N25: 25.34 | O25: ='ต.ค.68'!H26 -> 29.707621 | P25: =VLOOKUP(A25,'พ.ย. 68'!$A$2:$N$26,10,1) -> 26.843395 | Q25: =VLOOKUP(A25,'ธ.ค. 68'!$A$2:$N$26,10,1) -> 28.655166 | R25: 27.128639

Sheet ปริมาณ
B1: Data | C1: ปีงบประมาณ 2568 | O1: ปีงบประมาณ 2569
C2: ต.ค. 67 | D2: พ.ย. 67 | E2: ธ.ค. 67 | F2: ม.ค. 68 | G2: ก.พ. 68 | H2: มี.ค. 68 | I2: เม.ย. 68 | J2: พ.ค. 68 | K2: มิ.ย. 68 | L2: ก.ค. 68 | M2: ส.ค. 68 | N2: ก.ย. 68 | O2: ต.ค. 68 | P2: พ.ย. 68 | Q2: ธ.ค. 68 | R2: ม.ค. 69 | S2: ก.พ. 69 | T2: มี.ค. 69 | U2: เม.ย. 69 | V2: พ.ค. 69 | W2: มิ.ย. 69 | X2: ก.ค. 69 | Y2: ส.ค. 69 | Z2: ก.ย. 69
A3: {=_xludf.SEQUENCE(23,1)} -> #NAME? | B3: ชลบุรี (พ) | C3: 1128527.6 | D3: 1075535.7 | E3: 1345675 | F3: 1141685.4 | G3: 949754.31 | H3: 993534.76 | I3: 1096569.4 | J3: 1194933.9 | K3: 1167115.6 | L3: 1142309.6 | M3: 1146478.4 | N3: 1038271.1 | O3: 1170803.1 | P3: 1044467.8 | Q3: 1410217.8
A4: #NAME? | B4: พัทยา (พ) | C4: 1303649.8 | D4: 1435385.9 | E4: 1872673 | F4: 1621370 | G4: 1681544.2 | H4: 1343762.4 | I4: 1504290.9 | J4: 1504290.9 | K4: 1833929.6 | L4: 1486590.5 | M4: 1140827.2 | N4: 1097132.9 | O4: 1480715.3 | P4: 1253377.8 | Q4: 1444461.7
A5: #NAME? | B5: บ้านบึง | C5: 522142.95 | D5: 374984.68 | E5: 510485 | F5: 459874.76 | G5: 344239.13 | H5: 409433.71 | I5: 410905.61 | J5: 497294.56 | K5: 476272.19 | L5: 431135.53 | M5: 467265.14 | N5: 489360.44 | O5: 548358.01 | P5: 691819.65 | Q5: 700451.9
A6: #NAME? | B6: พนัสนิคม | C6: 474616 | D6: 404212 | E6: 506684 | F6: 457677.5 | G6: 369985 | H6: 454310 | I6: 500026.82 | J6: 594124 | K6: 451782.32 | L6: 655130.32 | M6: 594603.32 | N6: 461042.32 | O6: 608955 | P6: 541855.32 | Q6: 558366
A7: #NAME? | B7: ศรีราชา | C7: 577085.81 | D7: 610453.1 | E7: 616656 | F7: 695410.56 | G7: 642818.35 | H7: 750493.74 | I7: 745895.82 | J7: 819785.55 | K7: 883999.09 | L7: 929550.44 | M7: 965411 | N7: 754629.07 | O7: 934349.02 | P7: 928099.95 | Q7: 1057412.7
A8: #NAME? | B8: แหลมฉบัง | C8: 449113.45 | D8: 399342.64 | E8: 359900 | F8: 433136.11 | G8: 537791.48 | H8: 697176.4 | I8: 738431 | J8: 744045 | K8: 684513 | L8: 681198 | M8: 614821 | N8: 626638 | O8: 805556 | P8: 641915 | Q8: 826355
A9: #NAME? | B9: ฉะเชิงเทรา | C9: 162606.62 | D9: 159914.27 | E9: 98255 | F9: 128728.58 | G9: 144109.08 | H9: 168345.05 | I9: 138917.05 | J9: 180715.45 | K9: 147702 | L9: 107327.91 | M9: 90989.31 | N9: 90963.19 | O9: 119450 | P9: 105183.55 | Q9: 70194
A10: #NAME? | B10: บางปะกง | C10: 153128.58 | D10: 127881.54 | E10: 125869 | F10: 148677.57 | G10: 112692.35 | H10: 114469.77 | I10: 92844.43 | J10: 105662.46 | K10: 130169.84 | L10: 118289.39 | M10: 16115 | N10: 96053.21 | O10: 181989.98 | P10: 126452.7 | Q10: 175726.15
A11: #NAME? | B11: บางคล้า | C11: 709807.5 | D11: 697094 | E11: 496793 | F11: 642665.6 | G11: 604759.07 | H11: 726133.1 | I11: 674470 | J11: 841657.1 | K11: 857939 | L11: 848547.62 | M11: 737055 | N11: 587863 | O11: 916973 | P11: 832268 | Q11: 870933
A12: #NAME? | B12: พนมสารคาม | C12: 259427 | D12: 250044 | E12: 240026 | F12: 349919 | G12: 293103 | H12: 227465 | I12: 318136 | J12: 291634.7 | K12: 280076 | L12: 285092.88 | M12: 263250 | N12: 220043 | O12: 237229 | P12: 186123 | Q12: 263476.8
A13: #NAME? | B13: ระยอง | C13: 317548 | D13: 247352 | E13: 293689 | F13: 324981 | G13: 266683 | H13: 212237.13 | I13: 321623.89 | J13: 351527.89 | K13: 266430 | L13: 341443 | M13: 272890 | N13: 216500 | O13: 318571 | P13: 169159 | Q13: 277631
A14: #NAME? | B14: บ้านฉาง | C14: 1300495 | D14: 1077260 | E14: 1158203 | F14: 1118493 | G14: 1051189 | H14: 1014161 | I14: 1017563 | J14: 949211 | K14: 547289 | L14: 614758 | M14: 725898 | N14: 804649 | O14: 848736 | P14: 926068 | Q14: 976800
A15: #NAME? | B15: ปากน้ำประแสร์ | C15: 528712 | D15: 483880 | E15: 312262 | F15: 461231 | G15: 330247 | H15: 408368 | I15: 427440 | J15: 434177 | K15: 345743 | L15: 451301 | M15: 403563 | N15: 371776 | O15: 428001 | P15: 362584 | Q15: 320161
... A24: #NAME? | B24: กบินทร์บุรี | C24: 224574 | D24: 183220 | E24: 176212 | F24: 158749 | G24: 110198 | H24: 176836 | I24: 173034 | J24: 173427 | K24: 147858 | L24: 172810 | M24: 165792 | N24: 156321 | O24: 188142 | P24: 169272 | Q24: 185920
A25: #NAME? | B25: ภาพรวม กปภ.ข.1 | C25: =SUM(C3:C24) -> 11188922 | D25: =SUM(D3:D24) -> 10600814 | E25: =SUM(E3:E24) -> 10620456 | F25: =SUM(F3:F24) -> 10916009 | G25: =SUM(G3:G24) -> 10033898 | H25: =SUM(H3:H24) -> 10576508 | I25: =SUM(I3:I24) -> 11026632 | J25: =SUM(J3:J24) -> 11718881 | ... T25: =SUM(T3:T24) -> 0
A69: เดือน | B69: ต.ค. 67 | C69: พ.ย. 67 | D69: ธ.ค. 67 | E69: ม.ค. 68 | F69: ก.พ. 68 | G69: มี.ค. 68 | H69: เม.ย. 68 | I69: พ.ค. 68 | J69: มิ.ย. 68 | K69: ก.ค. 68 | L69: ส.ค. 68 | M69: ก.ย. 68 | N69: ต.ค. 68 | O69: พ.ย. 68 | P69: ธ.ค. 68
A70: ภาพรวม กปภ.ข.1 | B70: 11188922 | C70: 10600814 | D70: 10620456 | E70: 10916009 | F70: 10033898 | G70: 10576508 | H70: 11026632 | I70: 11718881 | J70: 11000965 | K70: 11213234 | L70: 10637616 | M70: 9978489.2 | N70: 12083278 | O70: 10873217 | P70: 12273693

Sheet ต.ค.68
A1: ข้อมูลน้ำสูญเสียตัวจริงที่ใช้ในการบริหารของ กปภ.เขต 1 เดือนตุลาคม 2568
A2: ลำดับ | B2: กปภ.สาขา | C2: น้ำผลิตรวมจริง | D2: น้ำผลิตจ่ายสุทธิจริง | E2: น้ำจำหน่ายจริง | F2: น้ำ Blow off จริง | G2: น้ำสูญเสียจริง | I2: หมายเหตุ | J2: ผู้ลงข้อมูล | K2: เบอร์ติดต่อ
C3: (ลบ.ม.) | D3: (ลบ.ม.) | E3: (ลบ.ม.) | F3: (ลบ.ม.) | G3: ปริมาณ (ลบ.ม.) | H3: อัตรา (%)
A4: {=_xludf.SEQUENCE(22,1)} -> #NAME? | B4: ชลบุรี (พ) | C4: 4045731.2 | D4: 5047852 | E4: 3802379 | F4: 74669.87 | G4: =D4-E4-F4 -> 1170803.1 | H4: =(G4/D4)*100 -> 23.194086 | J4: อุดมพร ปะระคะ | K4: 098-9095654 | M4: =D4/31/24 -> 6784.7473
A5: #NAME? | B5: พัทยา (พ) | C5: 6517693 | D5: 6303346.5 | E5: 4425474 | F5: 397157.13 | G5: =D5-E5-F5 -> 1480715.3 | H5: =(G5/D5)*100 -> 23.49094 | J5: สุธินันท์ รัตนพงษ์ | K5: 094-497-0887 | M5: =D5/31/24 -> 8472.2399
A6: #NAME? | B6: บ้านบึง | C6: 2868881 | D6: 1952897.5 | E6: 1282967 | F6: 69655.49 | G6: =D6-E6-F6 -> 600275.01 | H6: =(G6/D6)*100 -> 30.737661 | M6: =D6/31/24 -> 2624.8622
A7: #NAME? | B7: พนัสนิคม | C7: 2654800 | D7: 2377215 | E7: 1701438 | F7: 66822 | G7: =D7-E7-F7 -> 608955 | H7: =(G7/D7)*100 -> 25.61632 | J7: บริพัฒน์ คมดี | K7: 092-5013245 | M7: =D7/31/24 -> 3195.1815
A8: #NAME? | B8: ศรีราชา | C8: 2382265 | D8: 2632872 | E8: 1488023 | F8: =210500 -> 210500 | G8: =D8-E8-F8 -> 934349.02 | H8: =(G8/D8)*100 -> 35.487825 | J8: จิราพัชร ปั้นชู | K8: 643963619 | M8: =D8/31/24 -> 3538.8065
A9: #NAME? | B9: แหลมฉบัง | C9: 2962242 | D9: 2836712 | E9: 1971000 | F9: 60156 | G9: =D9-E9-F9 -> 805556 | H9: =(G9/D9)*100 -> 28.397525 | J9: ธนกฤต เล็กตระกูลชัย | K9: 083-7674284 | M9: =D9/31/24 -> 3812.7849
A10: #NAME? | B10: ฉะเชิงเทรา | C10: 1064049.3 | D10: 1054778 | E10: =870557+17872+32+20+347 -> 888828 | F10: 46500 | G10: =D10-E10-F10 -> 119450 | H10: =(G10/D10)*100 -> 11.324658 | J10: สุทธิรักษ์ รอบคอบ | K10: 091-873-6353 | M10: =D10/31/24 -> 1417.7124
A11: #NAME? | B11: บางปะกง | C11: 1375234.4 | D11: 1352550 | E11: 1128045 | F11: 42515.02 | G11: =D11-E11-F11 -> 181989.98 | H11: =(G11/D11)*100 -> 13.455324 | J11: ปัทมา สาริกาแก้ว | K11: 08-1975-3781 | M11: =D11/31/24 -> 1817.9435
A12: #NAME? | B12: บางคล้า | C12: 3105426 | D12: 2824500 | E12: 1731577 | F12: 175950 | G12: =D12-E12-F12 -> 916973 | H12: =(G12/D12)*100 -> 32.464967 | J12: สมยศ นาคอุไร | K12: 081-248-5959 | M12: =D12/31/24 -> 3796.371
A13: #NAME? | B13: พนมสารคาม | C13: 986356.6 | D13: 790180 | E13: 525905 | F13: 27046 | G13: =D13-E13-F13 -> 237229 | H13: =(G13/D13)*100 -> 30.022147 | M13: =D13/31/24 -> 1062.0699
A14: #NAME? | B14: ระยอง | C14: 2053947 | D14: 1981451 | E14: 1573915 | F14: 88965 | G14: =D14-E14-F14 -> 318571 | H14: =(G14/D14)*100 -> 16.077662 | J14: นายวันเฉลิม เวียงนนท์ | K14: 081-369-8451 | M14: =D14/31/24 -> 2663.2406
A15: #NAME? | B15: บ้านฉาง | C15: 3344490 | D15: 3242974 | E15: 2262585 | F15: 131653 | G15: =D15-E15-F15 -> 848736 | H15: =(G15/D15)*100 -> 26.171533 | J15: หฤพันธ์ โกมินทร์ | K15: 084-601-2285 | M15: =D15/31/24 -> 4358.836
A16: #NAME? | B16: ปากน้ำประแสร์ | C16: 1050797 | D16: 852449 | E16: 406572 | F16: 17876 | G16: =D16-E16-F16 -> 428001 | H16: =(G16/D16)*100 -> 50.2084 | J16: จตุพร เปี่ยมพงศ์สาน | M16: =D16/31/24 -> 1145.7648
A17: #NAME? | B17: จันทบุรี | C17: 2284323 | D17: 2012679 | E17: 1285024 | F17: 55149 | G17: =D17-E17-F17 -> 672506 | H17: =(G17/D17)*100 -> 33.413475 | J17: ไพรชยนต์ ไชยลิ้นฟ้า | K17: 091-4685354 | M17: =D17/31/24 -> 2705.2137
A18: #NAME? | B18: ขลุง | C18: 596361.89 | D18: 576657 | E18: 233970 | F18: 11400.69 | G18: =D18-E18-F18 -> 331286.31 | H18: =(G18/D18)*100 -> 57.449456 | J18: กัญญารัตน์ ศรีอุดม | K18: 092-6658041 | M18: =D18/31/24 -> 775.07661
A19: #NAME? | B19: ตราด | C19: 1644981 | D19: 1279169 | E19: 489725 | F19: 1693 | G19: =D19-E19-F19 -> 787751 | H19: =(G19/D19)*100 -> 61.583028 | J19: ธนากร นัทธี | K19: 064-5291360 | M19: =D19/31/24 -> 1719.3132
A20: #NAME? | B20: คลองใหญ่ | C20: 163232 | D20: 153416 | E20: 63425 | F20: 53 | G20: =D20-E20-F20 -> 89938 | H20: =(G20/D20)*100 -> 58.623612 | J20: นายธงชัย จารัตน์ | K20: 087-4496640 | L20: 49850 | M20: =D20/31/24 -> 206.2043
A21: #NAME? | B21: สระแก้ว | C21: 663582.85 | D21: 586321.87 | E21: 299556 | F21: 35810 | G21: =D21-E21-F21 -> 250955.87 | H21: =(G21/D21)*100 -> 42.801724 | J21: ฉัตรชัย จันทร์สงค์ | K21: 992470958 | M21: =D21/31/24 -> 788.06703
A22: #NAME? | B22: วัฒนานคร | C22: 186039 | D22: 154079 | E22: 107984 | F22: 8090.15 | G22: =D22-E22-F22 -> 38004.85 | H22: =(G22/D22)*100 -> 24.665821 | J22: อภิรัติ เครืออนันต์ | K22: 082-207-7831 | M22: =D22/31/24 -> 207.09543
A23: #NAME? | B23: อรัญประเทศ | C23: 637247 | D23: 634818 | E23: 360337 | F23: 23554 | G23: =D23-E23-F23 -> 250927 | H23: =(G23/D23)*100 -> 39.527392 | J23: นายณัฐวุฒิ อ่างเข็ม | K23: 090-909-9277 | M23: =D23/31/24 -> 853.25
A24: #NAME? | B24: ปราจีนบุรี | C24: 1726776 | D24: 1647287 | E24: 759325 | F24: 17150 | G24: =D24-E24-F24 -> 870812 | H24: =(G24/D24)*100 -> 52.863405 | M24: =D24/31/24 -> 2214.0954
A25: #NAME? | B25: กบินทร์บุรี | C25: 569141 | D25: 543555 | E25: 293413 | F25: 62000 | G25: =D25-E25-F25 -> 188142 | H25: =(G25/D25)*100 -> 34.613241 | J25: นายภาณุพัฒน์ ศรีวงษา | K25: 095-8574448 | M25: =D25/31/24 -> 730.58468
A26: รวม กปภ.ข.1 | C26: =SUM(C4:C25) -> 42883596 | D26: =SUM(D4:D25) -> 40837759 | E26: =SUM(E4:E25) -> 27081467 | F26: =SUM(F4:F25) -> 1624365.3 | G26: =SUM(G4:G25) -> 12131926 | H26: =(G26/D26)*100 -> 29.707621 | M26: =D26/31/24 -> 54889.461

Sheet พ.ย. 68
A1: ข้อมูลน้ำสูญเสียตัวจริงที่ใช้ในการบริหารของ กปภ.เขต 1 เดือนพฤศจิกายน 2568
A2: ลำดับ | B2: กปภ.สาขา | C2: น้ำผลิตรวมจริง | D2: น้ำผลิตจ่ายสุทธิจริง | E2: น้ำผลิตจ่ายสุทธิจริงสะสม | F2: น้ำจำหน่ายจริง | G2: น้ำ Blow off จริง | H2: น้ำสูญเสียจริง | L2: หมายเหตุ | M2: ผู้ลงข้อมูล | N2: เบอร์ติดต่อ
C3: (ลบ.ม.) | D3: (ลบ.ม.) | E3: (ลบ.ม.) | F3: (ลบ.ม.) | G3: (ลบ.ม.) | H3: ปริมาณ (ลบ.ม.) | I3: ปริมาณสะสม (ลบ.ม.) | J3: อัตรา (%) | K3: อัตราสะสม (%)
A4: {=_xludf.SEQUENCE(22,1)} -> #NAME? | B4: ชลบุรี (พ) | C4: 4255198 | D4: 5022242.5 | E4: ='ต.ค.68'!D4+D4 -> 10070094 | F4: 3857751 | G4: 120023.73 | H4: =D4-F4-G4 -> 1044467.8 | I4: ='ต.ค.68'!G4+H4 -> 2215270.9 | J4: =(H4/D4)*100 -> 20.796841 | K4: =(I4/E4)*100 -> 21.998512 | M4: อุดมพร ปะระคะ | N4: 098-9095654
A5: #NAME? | B5: พัทยา (พ) | C5: 6747187 | D5: 6276816.8 | E5: ='ต.ค.68'!D5+D5 -> 12580163 | F5: 4637639 | G5: 385800 | H5: =D5-F5-G5 -> 1253377.8 | I5: ='ต.ค.68'!G5+H5 -> 2734093.2 | J5: =(H5/D5)*100 -> 19.968367 | K5: =(I5/E5)*100 -> 21.733368 | M5: สุธินันท์ รัตนพงษ์ | N5: 094-4970887
A6: #NAME? | B6: บ้านบึง | C6: 2705831 | D6: 2055642.5 | E6: ='ต.ค.68'!D6+D6 -> 4008540 | F6: 1338640 | G6: 61580.85 | H6: =D6-F6-G6 -> 655421.65 | I6: ='ต.ค.68'!G6+H6 -> 1255696.7 | J6: =(H6/D6)*100 -> 31.884029 | K6: =(I6/E6)*100 -> 31.325536
A7: #NAME? | B7: พนัสนิคม | C7: 3069972 | D7: 2347776 | E7: ='ต.ค.68'!D7+D7 -> 4724991 | F7: 1772574 | G7: 33346.68 | H7: =D7-F7-G7 -> 541855.32 | I7: ='ต.ค.68'!G7+H7 -> 1150810.3 | J7: =(H7/D7)*100 -> 23.079515 | K7: =(I7/E7)*100 -> 24.35582 | M7: บริพัฒน์ คมดี | N7: 092-5013245
A8: #NAME? | B8: ศรีราชา | C8: 2381340 | D8: 2655240 | E8: ='ต.ค.68'!D8+D8 -> 5288112 | F8: 1542140 | G8: 185000 | H8: =D8-F8-G8 -> 928099.95 | I8: ='ต.ค.68'!G8+H8 -> 1862449 | J8: =(H8/D8)*100 -> 34.953525 | K8: =(I8/E8)*100 -> 35.219545 | M8: จิราพัชร ปั้นชู | N8: 643963619
A9: #NAME? | B9: แหลมฉบัง | C9: 2901150 | D9: 2784050 | E9: ='ต.ค.68'!D9+D9 -> 5620762 | F9: 2079189 | G9: 62946 | H9: =D9-F9-G9 -> 641915 | I9: ='ต.ค.68'!G9+H9 -> 1447471 | J9: =(H9/D9)*100 -> 23.056878 | K9: =(I9/E9)*100 -> 25.75222 | M9: ธนกฤต เล็กตระกูลชัย | N9: 083-7674284
A10: #NAME? | B10: ฉะเชิงเทรา | C10: =1036078.3 -> 1036078.3 | D10: 1026248 | E10: ='ต.ค.68'!D10+D10 -> 2081026 | F10: =856187+17543+93+15+436 -> 874274 | G10: 46790.45 | H10: =D10-F10-G10 -> 105183.55 | I10: ='ต.ค.68'!G10+H10 -> 224633.55 | J10: =(H10/D10)*100 -> 10.249331 | K10: =(I10/E10)*100 -> 10.794365 | M10: ธนชนัญ สิทธิเวช | N10: 083-014-1725
A11: #NAME? | B11: บางปะกง | C11: 1343913 | D11: 1316903 | E11: ='ต.ค.68'!D11+D11 -> 2669453 | F11: 1147465 | G11: 42985.3 | H11: =D11-F11-G11 -> 126452.7 | I11: ='ต.ค.68'!G11+H11 -> 308442.68 | J11: =(H11/D11)*100 -> 9.602279 | K11: =(I11/E11)*100 -> 11.554527 | M11: ปัทมา สาริกาแก้ว | N11: 08-6975-3781
A12: #NAME? | B12: บางคล้า | C12: 3006713 | D12: 2717345 | E12: ='ต.ค.68'!D12+D12 -> 5541845 | F12: 1731577 | G12: 153500 | H12: =D12-F12-G12 -> 832268 | I12: ='ต.ค.68'!G12+H12 -> 1749241 | J12: =(H12/D12)*100 -> 30.627984 | K12: =(I12/E12)*100 -> 31.564235 | M12: สมยศ นาคอุไร | N12: 081-248-5959
A13: #NAME? | B13: พนมสารคาม | C13: 856948.5 | D13: 743506 | E13: ='ต.ค.68'!D13+D13 -> 1533686 | F13: 553810 | G13: 3573 | H13: =D13-F13-G13 -> 186123 | I13: ='ต.ค.68'!G13+H13 -> 423352 | J13: =(H13/D13)*100 -> 25.033154 | K13: =(I13/E13)*100 -> 27.603564
A14: #NAME? | B14: ระยอง | C14: 2087249 | D14: 1881047 | E14: ='ต.ค.68'!D14+D14 -> 3862498 | F14: 1625680 | G14: 86208 | H14: =D14-F14-G14 -> 169159 | I14: ='ต.ค.68'!G14+H14 -> 487730 | J14: =(H14/D14)*100 -> 8.9928109 | K14: =(I14/E14)*100 -> 12.62732 | M14: นายวันเฉลิม เวียงนนท์ | N14: 081-369-8451
A15: #NAME? | B15: บ้านฉาง | C15: 3467137 | D15: 3397842 | E15: ='ต.ค.68'!D15+D15 -> 6640816 | F15: 2347266 | G15: 124508 | H15: =D15-F15-G15 -> 926068 | I15: ='ต.ค.68'!G15+H15 -> 1774804 | J15: =(H15/D15)*100 -> 27.254593 | K15: =(I15/E15)*100 -> 26.725692
A16: #NAME? | B16: ปากน้ำประแสร์ | C16: 1096965 | D16: 838937 | E16: ='ต.ค.68'!D16+D16 -> 1691386 | F16: 460127 | G16: 16226 | H16: =D16-F16-G16 -> 362584 | I16: ='ต.ค.68'!G16+H16 -> 790585 | J16: =(H16/D16)*100 -> 43.219455 | K16: =(I16/E16)*100 -> 46.741844 | M16: จุมพล คลังเจริญพาณิช | N16: 092-515-3656
A17: #NAME? | B17: จันทบุรี | C17: 2255045 | D17: 1950269 | E17: ='ต.ค.68'!D17+D17 -> 3962948 | F17: 1288496 | G17: 46274 | H17: =D17-F17-G17 -> 615499 | I17: ='ต.ค.68'!G17+H17 -> 1288005 | J17: =(H17/D17)*100 -> 31.559698 | K17: =(I17/E17)*100 -> 32.501183 | M17: ไพรชยนต์ ไชยลิ้นฟ้า
A18: #NAME? | B18: ขลุง | C18: 553507.24 | D18: 539349 | E18: ='ต.ค.68'!D18+D18 -> 1116006 | F18: 252676 | G18: 5465.17 | H18: =D18-F18-G18 -> 281207.83 | I18: ='ต.ค.68'!G18+H18 -> 612494.14 | J18: =(H18/D18)*100 -> 52.13838 | K18: =(I18/E18)*100 -> 54.882692 | M18: กัญญารัตน์ ศรีอุดม | N18: 926658041
A19: #NAME? | B19: ตราด | C19: 1341821.4 | D19: 1212576 | E19: ='ต.ค.68'!D19+D19 -> 2491745 | F19: 513946 | G19: 14055 | H19: =D19-F19-G19 -> 684575 | I19: ='ต.ค.68'!G19+H19 -> 1472326 | J19: =(H19/D19)*100 -> 56.456255 | K19: =(I19/E19)*100 -> 59.088149
A20: #NAME? | B20: คลองใหญ่ | C20: 191109 | D20: 157947 | E20: ='ต.ค.68'!D20+D20 -> 311363 | F20: 68926 | G20: 48650 | H20: =D20-F20-G20 -> 40371 | I20: ='ต.ค.68'!G20+H20 -> 130309 | J20: =(H20/D20)*100 -> 25.55984 | K20: =(I20/E20)*100 -> 41.851151
A21: #NAME? | B21: สระแก้ว | C21: 615687.3 | D21: 551473.3 | E21: ='ต.ค.68'!D21+D21 -> 1137795.2 | F21: 309338 | G21: 32151 | H21: =D21-F21-G21 -> 209984.3 | I21: ='ต.ค.68'!G21+H21 -> 460940.17 | J21: =(H21/D21)*100 -> 38.076966 | K21: =(I21/E21)*100 -> 40.5117 | M21: นายเกียรติศักดิ์ งอกศักดา | N21: 629252914
A22: #NAME? | B22: วัฒนานคร | C22: 178777 | D22: 147923 | E22: ='ต.ค.68'!D22+D22 -> 302002 | F22: 110803 | G22: 9053.47 | H22: =D22-F22-G22 -> 28066.53 | I22: ='ต.ค.68'!G22+H22 -> 66071.38 | J22: =(H22/D22)*100 -> 18.973743 | K22: =(I22/E22)*100 -> 21.877796 | M22: อภิรัติ เครืออนันต์ | N22: 082-207-7831
A23: #NAME? | B23: อรัญประเทศ | C23: 662958 | D23: 592549 | E23: ='ต.ค.68'!D23+D23 -> 1227367 | F23: 346829 | G23: 8673 | H23: =D23-F23-G23 -> 237047 | I23: ='ต.ค.68'!G23+H23 -> 487974 | J23: =(H23/D23)*100 -> 40.004624 | K23: =(I23/E23)*100 -> 39.75779
A24: #NAME? | B24: ปราจีนบุรี | C24: 1709778 | D24: 1615158 | E24: ='ต.ค.68'!D24+D24 -> 3262445 | F24: 801187 | G24: 16150 | H24: =D24-F24-G24 -> 797821 | I24: ='ต.ค.68'!G24+H24 -> 1668633 | J24: =(H24/D24)*100 -> 49.395849 | K24: =(I24/E24)*100 -> 51.146701
A25: #NAME? | B25: กบินทร์บุรี | C25: 555292 | D25: 539684 | E25: ='ต.ค.68'!D25+D25 -> 1083239 | F25: 310412 | G25: 60000 | H25: =D25-F25-G25 -> 169272 | I25: ='ต.ค.68'!G25+H25 -> 357414 | J25: =(H25/D25)*100 -> 31.365021 | K25: =(I25/E25)*100 -> 32.994935 | M25: นายภาณุพัฒน์ ศรีวงษา | N25: 095-8574448
A26: 23 | B26: รวม กปภ.ข.1 | C26: =SUM(C4:C25) -> 43019657 | D26: =SUM(D4:D25) -> 40370524 | E26: ='ต.ค.68'!D26+D26 -> 81208283 | F26: =SUM(F4:F25) -> 27970745 | G26: =SUM(G4:G25) -> 1562959.6 | H26: =SUM(H4:H25) -> 10836819 | I26: ='ต.ค.68'!G26+H26 -> 22968746 | J26: =(H26/D26)*100 -> 26.843395 | K26: =(I26/E26)*100 -> 28.283748

Sheet ธ.ค. 68
A2: ลำดับ | B2: กปภ.สาขา | C2: น้ำผลิตรวมจริง | D2: น้ำผลิตจ่ายสุทธิจริง | E2: น้ำผลิตจ่ายสุทธิจริงสะสม | F2: น้ำจำหน่ายจริง | G2: น้ำ Blow off จริง | H2: น้ำสูญเสียจริง | L2: หมายเหตุ | M2: ผู้ลงข้อมูล | N2: เบอร์ติดต่อ
C3: (ลบ.ม.) | D3: (ลบ.ม.) | E3: (ลบ.ม.) | F3: (ลบ.ม.) | G3: (ลบ.ม.) | H3: ปริมาณ (ลบ.ม.) | I3: ปริมาณสะสม (ลบ.ม.) | J3: อัตรา (%) | K3: อัตราสะสม (%)
A4: {=_xludf.SEQUENCE(22,1)} -> #NAME? | B4: ชลบุรี (พ) | C4: 4387421.2 | D4: 5275087.5 | E4: ='พ.ย. 68'!E4+D4 -> 15345182 | F4: 4075759 | G4: 126353.68 | H4: =D4-F4-G4 -> 1072974.8 | I4: ='พ.ย. 68'!I4+H4 -> 3288245.7 | J4: =(H4/D4)*100 -> 20.340417 | K4: =(I4/E4)*100 -> 21.428522 | M4: อุดมพร ปะระคะ | N4: 098-9095654
A5: #NAME? | B5: พัทยา (พ) | C5: 7409047 | D5: 6463930 | E5: ='พ.ย. 68'!E5+D5 -> 19044093 | F5: 4699231 | G5: 320237.38 | H5: =D5-F5-G5 -> 1444461.7 | I5: ='พ.ย. 68'!I5+H5 -> 4178554.8 | J5: =(H5/D5)*100 -> 22.346493 | K5: =(I5/E5)*100 -> 21.941474 | M5: สุธินันท์ รัตนพงษ์ | N5: 094-4970887
A6: #NAME? | B6: บ้านบึง | C6: 2262929.7 | D6: 2144191.5 | E6: ='พ.ย. 68'!E6+D6 -> 6152731.5 | F6: 1309243 | G6: 81241.6 | H6: =D6-F6-G6 -> 753706.9 | I6: ='พ.ย. 68'!I6+H6 -> 2009403.6 | J6: =(H6/D6)*100 -> 35.1511 | K6: =(I6/E6)*100 -> 32.658723
A7: #NAME? | B7: พนัสนิคม | C7: 3177550 | D7: 2323195 | E7: ='พ.ย. 68'!E7+D7 -> 7048186 | F7: 1711020 | G7: 53809 | H7: =D7-F7-G7 -> 558366 | I7: ='พ.ย. 68'!I7+H7 -> 1709176.3 | J7: =(H7/D7)*100 -> 24.034401 | K7: =(I7/E7)*100 -> 24.249875 | M7: บริพัฒน์ คมดี | N7: 092-5013245
A8: #NAME? | B8: ศรีราชา | C8: 2620626 | D8: 2807298.7 | E8: ='พ.ย. 68'!E8+D8 -> 8095410.6 | F8: 1534886 | G8: 215000 | H8: =D8-F8-G8 -> 1057412.7 | I8: ='พ.ย. 68'!I8+H8 -> 2919861.6 | J8: =(H8/D8)*100 -> 37.666554 | K8: =(I8/E8)*100 -> 36.06811 | M8: จิราพัชร ปั้นชู | N8: 064-3963619
A9: #NAME? | B9: แหลมฉบัง | C9: 2918760 | D9: 2880735 | E9: ='พ.ย. 68'!E9+D9 -> 8501497 | F9: 1990782 | G9: 63598 | H9: =D9-F9-G9 -> 826355 | I9: ='พ.ย. 68'!I9+H9 -> 2273826 | J9: =(H9/D9)*100 -> 28.685561 | K9: =(I9/E9)*100 -> 26.746184 | M9: ธนกฤต เล็กตระกูลชัย | N9: 083-7674284
A10: #NAME? | B10: ฉะเชิงเทรา | C10: 1081108.3 | D10: 1071268 | E10: ='พ.ย. 68'!E10+D10 -> 3152294 | F10: =951200+349 -> 951549 | G10: 49525 | H10: =D10-F10-G10 -> 70194 | I10: ='พ.ย. 68'!I10+H10 -> 294827.55 | J10: =(H10/D10)*100 -> 6.552422 | K10: =(I10/E10)*100 -> 9.3527936 | M10: สุทธิรักษ์ รอบคอบ | N10: 083-014-1725
A11: #NAME? | B11: บางปะกง | C11: 1378190 | D11: 1367912 | E11: ='พ.ย. 68'!E11+D11 -> 4037365 | F11: 1148946 | G11: 43239.85 | H11: =D11-F11-G11 -> 175726.15 | I11: ='พ.ย. 68'!I11+H11 -> 484168.83 | J11: =(H11/D11)*100 -> 12.846305 | K11: =(I11/E11)*100 -> 11.992199 | M11: ปัทมา สาริกาแก้ว | N11: 08-6975-3781
A12: #NAME? | B12: บางคล้า | C12: 3215311 | D12: 2858526 | E12: ='พ.ย. 68'!E12+D12 -> 8400371 | F12: 1788793 | G12: 198800 | H12: =D12-F12-G12 -> 870933 | I12: ='พ.ย. 68'!I12+H12 -> 2620174 | J12: =(H12/D12)*100 -> 30.467905 | K12: =(I12/E12)*100 -> 31.19117 | M12: สมยศ นาคอุไร | N12: 081-248-5959
A13: #NAME? | B13: พนมสารคาม | C13: 1054251.3 | D13: 897097 | E13: ='พ.ย. 68'!E13+D13 -> 2430783 | F13: 554946 | G13: 78674.2 | H13: =D13-F13-G13 -> 263476.8 | I13: ='พ.ย. 68'!I13+H13 -> 686828.8 | J13: =(H13/D13)*100 -> 29.369934 | K13: =(I13/E13)*100 -> 28.255455
A14: #NAME? | B14: ระยอง | C14: 2162587 | D14: 1968890 | E14: ='พ.ย. 68'!E14+D14 -> 5831388 | F14: 1605048 | G14: 86211 | H14: =D14-F14-G14 -> 277631 | I14: ='พ.ย. 68'!I14+H14 -> 765361 | J14: =(H14/D14)*100 -> 14.100889 | K14: =(I14/E14)*100 -> 13.124851 | M14: นายวันเฉลิม เวียงนนท์ | N14: 081-369-8451
A15: #NAME? | B15: บ้านฉาง | C15: 3657519 | D15: 3451851 | E15: ='พ.ย. 68'!E15+D15 -> 10092667 | F15: 2348722 | G15: 126329 | H15: =D15-F15-G15 -> 976800 | I15: ='พ.ย. 68'!I15+H15 -> 2751604 | J15: =(H15/D15)*100 -> 28.297861 | K15: =(I15/E15)*100 -> 27.263398
A16: #NAME? | B16: ปากน้ำประแสร์ | C16: 1121588 | D16: 859679 | E16: ='พ.ย. 68'!E16+D16 -> 2551065 | F16: 520776 | G16: 18742 | H16: =D16-F16-G16 -> 320161 | I16: ='พ.ย. 68'!I16+H16 -> 1110746 | J16: =(H16/D16)*100 -> 37.241924 | K16: =(I16/E16)*100 -> 43.540482 | M16: จุมพล คลังเจริญพาณิช | N16: 092-515-3656
A17: #NAME? | B17: จันทบุรี | C17: 2258036 | D17: 2027019.1 | E17: ='พ.ย. 68'!E17+D17 -> 5989967.1 | F17: 1317325 | G17: 52178 | H17: =D17-F17-G17 -> 657516.11 | I17: ='พ.ย. 68'!I17+H17 -> 1945521.1 | J17: =(H17/D17)*100 -> 32.437588 | K17: =(I17/E17)*100 -> 32.479663 | M17: ไพรชยนต์ ไชยลิ้นฟ้า | N17: 091-468-5354
A18: #NAME? | B18: ขลุง | C18: 599869.53 | D18: 576495 | E18: ='พ.ย. 68'!E18+D18 -> 1692501 | F18: 245566 | G18: 11940.34 | H18: =D18-F18-G18 -> 318988.66 | I18: ='พ.ย. 68'!I18+H18 -> 931482.8 | J18: =(H18/D18)*100 -> 55.332424 | K18: =(I18/E18)*100 -> 55.035879 | M18: กัญญารัตน์ ศรีอุดม | N18: 926658041
A19: #NAME? | B19: ตราด | C19: 1684251.4 | D19: 1310248.5 | E19: ='พ.ย. 68'!E19+D19 -> 3801993.5 | F19: 501822 | G19: 767 | H19: =D19-F19-G19 -> 807659.47 | I19: ='พ.ย. 68'!I19+H19 -> 2279985.5 | J19: =(H19/D19)*100 -> 61.641703 | K19: =(I19/E19)*100 -> 59.968158 | M19: สุทธิพงศ์ นิลเพ็ชร | N19: 970059909
A20: #NAME? | B20: คลองใหญ่ | C20: 185522 | D20: 157947 | E20: ='พ.ย. 68'!E20+D20 -> 469310 | F20: 70145 | G20: 1833.84 | H20: =D20-F20-G20 -> 85968.16 | I20: ='พ.ย. 68'!I20+H20 -> 216277.16 | J20: =(H20/D20)*100 -> 54.428486 | K20: =(I20/E20)*100 -> 46.084072 | M20: ณยศ เพ็งแก้ว | N20: 080-6645-916
A21: #NAME? | B21: สระแก้ว | C21: 693576.4 | D21: 605800.4 | E21: ='พ.ย. 68'!E21+D21 -> 1743595.6 | F21: 298685 | G21: 42519 | H21: =D21-F21-G21 -> 264596.4 | I21: ='พ.ย. 68'!I21+H21 -> 725536.57 | J21: =(H21/D21)*100 -> 43.677158 | K21: =(I21/E21)*100 -> 41.611517 | M21: นายเกียรติศักดิ์ งอกศักดา | N21: "0629252914
A22: #NAME? | B22: วัฒนานคร | C22: 185306 | D22: 155946 | E22: ='พ.ย. 68'!E22+D22 -> 457948 | F22: 109501 | G22: 10311.61 | H22: =D22-F22-G22 -> 36133.39 | I22: ='พ.ย. 68'!I22+H22 -> 102204.77 | J22: =(H22/D22)*100 -> 23.17045 | K22: =(I22/E22)*100 -> 22.317986 | M22: อภิรัติ เครืออนันต์ | N22: 082-207-7831
A23: #NAME? | B23: อรัญประเทศ | C23: 629762 | D23: 510939 | E23: ='พ.ย. 68'!E23+D23 -> 1738306 | F23: 282003 | G23: 8453 | H23: =D23-F23-G23 -> 220483 | I23: ='พ.ย. 68'!I23+H23 -> 708457 | J23: =(H23/D23)*100 -> 43.152509 | K23: =(I23/E23)*100 -> 40.755598
A24: #NAME? | B24: ปราจีนบุรี | C24: 1765582 | D24: 1561747 | E24: ='พ.ย. 68'!E24+D24 -> 4824192 | F24: 800856 | G24: 16650 | H24: =D24-F24-G24 -> 744241 | I24: ='พ.ย. 68'!I24+H24 -> 2412874 | J24: =(H24/D24)*100 -> 47.65439 | K24: =(I24/E24)*100 -> 50.016127 | M24: ธีทัต สีอุดม
A25: #NAME? | B25: กบินทร์บุรี | C25: 571025 | D25: 565536 | E25: ='พ.ย. 68'!E25+D25 -> 1648775 | F25: 311616 | G25: 68000 | H25: =D25-F25-G25 -> 185920 | I25: ='พ.ย. 68'!I25+H25 -> 543334 | J25: =(H25/D25)*100 -> 32.875007 | K25: =(I25/E25)*100 -> 32.953799 | M25: นายภาณุพัฒน์ ศรีวงษา | N25: 095-8574448
A26: 23 | B26: รวม กปภ.ข.1 | C26: =SUM(C4:C25) -> 45019819 | D26: =SUM(D4:D25) -> 41841339 | E26: =SUM(E4:E25) -> 1.2304962e+08 | F26: =SUM(F4:F25) -> 28177220 | G26: =SUM(G4:G25) -> 1674413.5 | H26: =SUM(H4:H25) -> 11989705 | I26: ='พ.ย. 68'!I26+H26 -> 34958451 | J26: =(H26/D26)*100 -> 28.655166 | K26: =(I26/E26)*100 -> 28.410044

Sheet ม.ค. 69
A2: ลำดับ | B2: กปภ.สาขา | C2: น้ำผลิตรวมจริง | D2: น้ำผลิตจ่ายสุทธิจริง | E2: น้ำผลิตจ่ายสุทธิจริงสะสม | F2: น้ำจำหน่ายจริง | G2: น้ำ Blow off จริง | H2: น้ำสูญเสียจริง | L2: หมายเหตุ | M2: ผู้ลงข้อมูล | N2: เบอร์ติดต่อ
C3: (ลบ.ม.) | D3: (ลบ.ม.) | E3: (ลบ.ม.) | F3: (ลบ.ม.) | G3: (ลบ.ม.) | H3: ปริมาณ (ลบ.ม.) | I3: ปริมาณสะสม (ลบ.ม.) | J3: อัตรา (%) | K3: อัตราสะสม (%)
A4: {=_xludf.SEQUENCE(22,1)} -> #NAME? | B4: ชลบุรี (พ) | C4: 4445468 | D4: 5374762.5 | E4: ='ธ.ค. 68'!E4+D4 -> 20719944 | F4: 3794319 | G4: 211460.19 | H4: =D4-F4-G4 -> 1368983.3 | I4: ='ธ.ค. 68'!I4+H4 -> 4657229 | J4: =(H4/D4)*100 -> 25.470582 | K4: =(I4/E4)*100 -> 22.477034 | M4: อุดมพร ปะระคะ | N4: 098-9095654 | S4: 1580443.5 | T4: 29.404899 | U4: 23.497598
A5: #NAME? | B5: พัทยา (พ) | C5: 7227150 | D5: 6656927 | E5: ='ธ.ค. 68'!E5+D5 -> 25701020 | F5: 5069208 | G5: 238520.62 | H5: =D5-F5-G5 -> 1349198.4 | I5: ='ธ.ค. 68'!I5+H5 -> 5527753.2 | J5: =(H5/D5)*100 -> 20.267586 | K5: =(I5/E5)*100 -> 21.507914 | M5: สุธินันท์ รัตนพงษ์ | N5: 094-4970887 | S5: 0 | T5: #DIV/0! | U5: 21.941474
A6: #NAME? | B6: บ้านบึง | C6: 2204136 | D6: 2064267.5 | E6: ='ธ.ค. 68'!E6+D6 -> 8216999 | F6: 1391155 | G6: 82904.89 | H6: =D6-F6-G6 -> 590207.61 | I6: ='ธ.ค. 68'!I6+H6 -> 2599611.2 | J6: =(H6/D6)*100 -> 28.591624 | K6: =(I6/E6)*100 -> 31.63699 | S6: 590207.61 | T6: 28.591624 | U6: 31.63699
A7: #NAME? | B7: พนัสนิคม | C7: 3073277 | D7: 2260683 | E7: ='ธ.ค. 68'!E7+D7 -> 9308869 | F7: 1781279 | G7: 35217 | H7: =D7-F7-G7 -> 444187 | I7: ='ธ.ค. 68'!I7+H7 -> 2153363.3 | J7: =(H7/D7)*100 -> 19.648354 | K7: =(I7/E7)*100 -> 23.132384 | N7: 092-5013245 | S7: 444187 | T7: 19.648354 | U7: 23.132384
A8: #NAME? | B8: ศรีราชา | C8: 2524922.2 | D8: 2824976 | E8: ='ธ.ค. 68'!E8+D8 -> 10920387 | F8: 1687853 | G8: 270350 | H8: =D8-F8-G8 -> 866772.99 | I8: ='ธ.ค. 68'!I8+H8 -> 3786634.6 | J8: =(H8/D8)*100 -> 30.682491 | K8: =(I8/E8)*100 -> 34.674914 | M8: ธนวรรธก์ สุวรรณศรี | N8: 064-3963619 | S8: 866772.99 | T8: 30.682491 | U8: 34.674914
A9: #NAME? | B9: แหลมฉบัง | C9: 2913612 | D9: 2871872 | E9: ='ธ.ค. 68'!E9+D9 -> 11373369 | F9: 2109230 | G9: 62658 | H9: =D9-F9-G9 -> 699984 | I9: ='ธ.ค. 68'!I9+H9 -> 2973810 | J9: =(H9/D9)*100 -> 24.373788 | K9: =(I9/E9)*100 -> 26.147134 | M9: ธนกฤต เล็กตระกูลชัย | N9: 083-7674284 | S9: 699984 | T9: 24.373788 | U9: 26.147134
A10: #NAME? | B10: ฉะเชิงเทรา | C10: 1080260.3 | D10: 1056784 | E10: ='ธ.ค. 68'!E10+D10 -> 4209078 | F10: 897940 | G10: 44051.42 | H10: =D10-F10-G10 -> 114792.58 | I10: ='ธ.ค. 68'!I10+H10 -> 409620.13 | J10: =(H10/D10)*100 -> 10.862445 | K10: =(I10/E10)*100 -> 9.7318256 | M10: สุทธิรักษ์ รอบคอบ | N10: 091-873-6353 | S10: 114792.58 | T10: 10.862445 | U10: 9.7318256
A11: #NAME? | B11: บางปะกง | C11: 1397452 | D11: 1395532 | E11: ='ธ.ค. 68'!E11+D11 -> 5432897 | F11: 1214781 | G11: 42820.03 | H11: =D11-F11-G11 -> 137930.97 | I11: ='ธ.ค. 68'!I11+H11 -> 622099.8 | J11: =(H11/D11)*100 -> 9.8837554 | K11: =(I11/E11)*100 -> 11.450609 | N11: 08-6975-3781 | S11: 137930.97 | T11: 9.8837554 | U11: 11.450609
A12: #NAME? | B12: บางคล้า | C12: 3059258 | D12: 2805904 | E12: ='ธ.ค. 68'!E12+D12 -> 11206275 | F12: 1830724 | G12: 185000 | H12: =D12-F12-G12 -> 790180 | I12: ='ธ.ค. 68'!I12+H12 -> 3410354 | J12: =(H12/D12)*100 -> 28.161334 | K12: =(I12/E12)*100 -> 30.432539 | N12: 081-248-5959 | S12: 790180 | T12: 28.161334 | U12: 30.432539
A13: #NAME? | B13: พนมสารคาม | C13: 967202.41 | D13: 922955 | E13: ='ธ.ค. 68'!E13+D13 -> 3353738 | F13: 599330 | G13: 57850 | H13: =D13-F13-G13 -> 265775 | I13: ='ธ.ค. 68'!I13+H13 -> 952603.8 | J13: =(H13/D13)*100 -> 28.796095 | K13: =(I13/E13)*100 -> 28.40424 | S13: 265775 | T13: 28.796095 | U13: 28.40424
A14: #NAME? | B14: ระยอง | C14: 2139977 | D14: 1932277 | E14: ='ธ.ค. 68'!E14+D14 -> 7763665 | F14: 1761969 | G14: 20256 | H14: =D14-F14-G14 -> 150052 | I14: ='ธ.ค. 68'!I14+H14 -> 915413 | J14: =(H14/D14)*100 -> 7.7655533 | K14: =(I14/E14)*100 -> 11.79099 | M14: วันเฉลิม เวียงนนท์ | N14: 081-369-8451 | S14: 0 | T14: #DIV/0! | U14: 13.124851
A15: #NAME? | B15: บ้านฉาง | C15: 3697654 | D15: 3651761 | E15: ='ธ.ค. 68'!E15+D15 -> 13744428 | F15: 2596047 | G15: 113291 | H15: =D15-F15-G15 -> 942423 | I15: ='ธ.ค. 68'!I15+H15 -> 3694027 | J15: =(H15/D15)*100 -> 25.807357 | K15: =(I15/E15)*100 -> 26.876542 | S15: 942423 | T15: 25.807357 | U15: 26.876542
A16: #NAME? | B16: ปากน้ำประแสร์ | C16: 1080260.3 | D16: 938285 | E16: ='ธ.ค. 68'!E16+D16 -> 3489350 | F16: 522584 | G16: 22849 | H16: =D16-F16-G16 -> 392852 | I16: ='ธ.ค. 68'!I16+H16 -> 1503598 | J16: =(H16/D16)*100 -> 41.869155 | K16: =(I16/E16)*100 -> 43.091063 | M16: จุมพล คลังเจริญพาณิช | N16: 092-515-3656 | S16: 392880 | T16: 41.872139 | U16: 43.091865
A17: #NAME? | B17: จันทบุรี | C17: 2096945 | D17: 2035678 | E17: ='ธ.ค. 68'!E17+D17 -> 8025645.1 | F17: 1333697 | G17: 43523 | H17: =D17-F17-G17 -> 658458 | I17: ='ธ.ค. 68'!I17+H17 -> 2603979.1 | J17: =(H17/D17)*100 -> 32.345882 | K17: =(I17/E17)*100 -> 32.44573 | M17: ไพรชยนต์ ไชยลิ้นฟ้า | N17: 091-468-5354 | S17: 0 | T17: #DIV/0! | U17: 32.534237
A18: #NAME? | B18: ขลุง | C18: 632044.21 | D18: 592636 | E18: ='ธ.ค. 68'!E18+D18 -> 2285137 | F18: 273817 | G18: 15458.24 | H18: =D18-F18-G18 -> 303360.76 | I18: ='ธ.ค. 68'!I18+H18 -> 1234843.6 | J18: =(H18/D18)*100 -> 51.188379 | K18: =(I18/E18)*100 -> 54.038054 | M18: กัญญารัตน์ ศรีอุดม | N18: 092-6658041 | S18: 303360.76 | T18: 51.188379 | U18: 54.038054
A19: #NAME? | B19: ตราด | C19: 1648417.4 | D19: 1287114 | E19: ='ธ.ค. 68'!E19+D19 -> 5089107.5 | F19: 573966 | G19: 197 | H19: =D19-F19-G19 -> 712951 | I19: ='ธ.ค. 68'!I19+H19 -> 2992936.5 | J19: =(H19/D19)*100 -> 55.391442 | K19: =(I19/E19)*100 -> 58.810636 | N19: 970059909 | S19: 712951 | T19: 55.391442 | U19: 58.810636
A20: #NAME? | B20: คลองใหญ่ | C20: 206093 | D20: 172746 | E20: ='ธ.ค. 68'!E20+D20 -> 642056 | F20: 69431 | G20: 2478 | H20: =D20-F20-G20 -> 100837 | I20: ='ธ.ค. 68'!I20+H20 -> 317114.16 | J20: =(H20/D20)*100 -> 58.372987 | K20: =(I20/E20)*100 -> 49.390421 | N20: 080-6645-916 | S20: 100837 | T20: 58.372987 | U20: 49.390421
A21: #NAME? | B21: สระแก้ว | C21: 681646.94 | D21: 602598.14 | E21: ='ธ.ค. 68'!E21+D21 -> 2346193.7 | F21: 339718 | G21: 30470 | H21: =D21-F21-G21 -> 232410.14 | I21: ='ธ.ค. 68'!I21+H21 -> 957946.71 | J21: =(H21/D21)*100 -> 38.568015 | K21: =(I21/E21)*100 -> 40.829822 | M21: นายเกียรติศักดิ์ งอกศักดา | N21: "0629252914 | S21: 232410.14 | T21: 38.568015 | U21: 40.829822
A22: #NAME? | B22: วัฒนานคร | C22: 189251 | D22: 156605 | E22: ='ธ.ค. 68'!E22+D22 -> 614553 | F22: 115535 | G22: 9914 | H22: =D22-F22-G22 -> 31156 | I22: ='ธ.ค. 68'!I22+H22 -> 133360.77 | J22: =(H22/D22)*100 -> 19.894639 | K22: =(I22/E22)*100 -> 21.700451 | M22: อภิรัติ เครืออนันต์ | N22: 082-207-7831 | S22: 31156 | T22: 19.894639 | U22: 21.700451
A23: #NAME? | B23: อรัญประเทศ | C23: 720084 | D23: 593629 | E23: ='ธ.ค. 68'!E23+D23 -> 2331935 | F23: 366954 | G23: 15486 | H23: =D23-F23-G23 -> 211189 | I23: ='ธ.ค. 68'!I23+H23 -> 919646 | J23: =(H23/D23)*100 -> 35.575924 | K23: =(I23/E23)*100 -> 39.437034 | M23: นายณัฐวุฒิ อ่างเข็ม | N23: 090-9099277 | S23: 282243 | T23: 42.514351 | U23: 41.241654
A24: #NAME? | B24: ปราจีนบุรี | C24: 1836002 | D24: 1681037 | E24: ='ธ.ค. 68'!E24+D24 -> 6505229 | F24: 832653 | G24: 25000 | H24: =D24-F24-G24 -> 823384 | I24: ='ธ.ค. 68'!I24+H24 -> 3236258 | J24: =(H24/D24)*100 -> 48.980718 | K24: =(I24/E24)*100 -> 49.748564 | S24: 0 | T24: #DIV/0! | U24: 50.016127
A25: #NAME? | B25: กบินทร์บุรี | C25: 565043 | D25: 560894 | E25: ='ธ.ค. 68'!E25+D25 -> 2209669 | F25: 333862 | G25: 58002 | H25: =D25-F25-G25 -> 169030 | I25: ='ธ.ค. 68'!I25+H25 -> 712364 | J25: =(H25/D25)*100 -> 30.135819 | K25: =(I25/E25)*100 -> 32.238494 | N25: 095-8574448 | S25: 162032 | T25: 28.888168 | U25: 31.921795
A26: 23 | B26: รวม กปภ.ข.1 | C26: =SUM(C4:C25) -> 44386156 | D26: =SUM(D4:D25) -> 42439923 | E26: =SUM(E4:E25) -> 1.6548954e+08 | F26: =SUM(F4:F25) -> 29496052 | G26: =SUM(G4:G25) -> 1587756.4 | H26: =SUM(H4:H25) -> 11356115 | I26: ='ธ.ค. 68'!I26+H26 -> 46314566 | J26: =(H26/D26)*100 -> 26.758095 | K26: =(I26/E26)*100 -> 27.9864
