Workbook

Sheet ภาพรวมเขต
A1: ภาพรวมเขต 1
B2: ต.ค. 68 | C2: พ.ย. 68 | D2: ธ.ค. 68 | E2: ม.ค. 69 | F2: ก.พ. 69 | G2: มี.ค. 69 | H2: เม.ย. 69 | I2: พ.ค. 69 | J2: มิ.ย. 69 | K2: ก.ค. 69 | L2: ส.ค. 69 | M2: ก.ย. 69
A3: MNF เกิดจริง | B3: =ROUND(('1.ชลบุรี'!B4+'2.พัทยา'!B4+'3.บ้านบึง'!B4+'4.พนัสนิคม'!B4+'5.ศรีราชา'!B4+'6.แหลมฉบัง'!B4+'7.บางปะกง'!B4+'8.ฉะเชิงเทรา'!B4+'9.บางคล้า'!B4+'10.พนมสารคาม'!B4+'12.บ้านฉาง'!B4+'13.ปากน้ำประแสร์'!B4+'14.จันทบุรี'!B4+'15.ขลุง'!B4+'16.ตราด'!B4+'17.คลองใหญ่'!B4+'18.สระแก้ว'!B4+'19.วัฒนานคร'!B4+'20.อรัญประเทศ'!B4+'21.ปราจีนบุรี'!B4+'22.กบินทร์บุรี'!B4),0) -> 35577 | C3: =ROUND(('1.ชลบุรี'!C4+'2.พัทยา'!C4+'3.บ้านบึง'!C4+'4.พนัสนิคม'!C4+'5.ศรีราชา'!C4+'6.แหลมฉบัง'!C4+'7.บางปะกง'!C4+'8.ฉะเชิงเทรา'!C4+'9.บางคล้า'!C4+'10.พนมสารคาม'!C4+'12.บ้านฉาง'!C4+'13.ปากน้ำประแสร์'!C4+'14.จันทบุรี'!C4+'15.ขลุง'!C4+'16.ตราด'!C4+'17.คลองใหญ่'!C4+'18.สระแก้ว'!C4+'19.วัฒนานคร'!C4+'20.อรัญประเทศ'!C4+'21.ปราจีนบุรี'!C4+'22.กบินทร์บุรี'!C4),0) -> 34654 | D3: =ROUND(('1.ชลบุรี'!D4+'2.พัทยา'!D4+'3.บ้านบึง'!D4+'4.พนัสนิคม'!D4+'5.ศรีราชา'!D4+'6.แหลมฉบัง'!D4+'7.บางปะกง'!D4+'8.ฉะเชิงเทรา'!D4+'9.บางคล้า'!D4+'10.พนมสารคาม'!D4+'12.บ้านฉาง'!D4+'13.ปากน้ำประแสร์'!D4+'14.จันทบุรี'!D4+'15.ขลุง'!D4+'16.ตราด'!D4+'17.คลองใหญ่'!D4+'18.สระแก้ว'!D4+'19.วัฒนานคร'!D4+'20.อรัญประเทศ'!D4+'21.ปราจีนบุรี'!D4+'22.กบินทร์บุรี'!D4),0) -> 34638 | E3: =ROUND(('1.ชลบุรี'!E4+'2.พัทยา'!E4+'3.บ้านบึง'!E4+'4.พนัสนิคม'!E4+'5.ศรีราชา'!E4+'6.แหลมฉบัง'!E4+'7.บางปะกง'!E4+'8.ฉะเชิงเทรา'!E4+'9.บางคล้า'!E4+'10.พนมสารคาม'!E4+'12.บ้านฉาง'!E4+'13.ปากน้ำประแสร์'!E4+'14.จันทบุรี'!E4+'15.ขลุง'!E4+'16.ตราด'!E4+'17.คลองใหญ่'!E4+'18.สระแก้ว'!E4+'19.วัฒนานคร'!E4+'20.อรัญประเทศ'!E4+'21.ปราจีนบุรี'!E4+'22.กบินทร์บุรี'!E4),0) -> 34936 | F3: =ROUND(('1.ชลบุรี'!F4+'2.พัทยา'!F4+'3.บ้านบึง'!F4+'4.พนัสนิคม'!F4+'5.ศรีราชา'!F4+'6.แหลมฉบัง'!F4+'7.บางปะกง'!F4+'8.ฉะเชิงเทรา'!F4+'9.บางคล้า'!F4+'10.พนมสารคาม'!F4+'12.บ้านฉาง'!F4+'13.ปากน้ำประแสร์'!F4+'14.จันทบุรี'!F4+'15.ขลุง'!F4+'16.ตราด'!F4+'17.คลองใหญ่'!F4+'18.สระแก้ว'!F4+'19.วัฒนานคร'!F4+'20.อรัญประเทศ'!F4+'21.ปราจีนบุรี'!F4+'22.กบินทร์บุรี'!F4),0) -> 35234 | G3: =ROUND(('1.ชลบุรี'!G4+'2.พัทยา'!G4+'3.บ้านบึง'!G4+'4.พนัสนิคม'!G4+'5.ศรีราชา'!G4+'6.แหลมฉบัง'!G4+'7.บางปะกง'!G4+'8.ฉะเชิงเทรา'!G4+'9.บางคล้า'!G4+'10.พนมสารคาม'!G4+'12.บ้านฉาง'!G4+'13.ปากน้ำประแสร์'!G4+'14.จันทบุรี'!G4+'15.ขลุง'!G4+'16.ตราด'!G4+'17.คลองใหญ่'!G4+'18.สระแก้ว'!G4+'19.วัฒนานคร'!G4+'20.อรัญประเทศ'!G4+'21.ปราจีนบุรี'!G4+'22.กบินทร์บุรี'!G4),0) -> 35163 | H3: =ROUND(('1.ชลบุรี'!H4+'2.พัทยา'!H4+'3.บ้านบึง'!H4+'4.พนัสนิคม'!H4+'5.ศรีราชา'!H4+'6.แหลมฉบัง'!H4+'7.บางปะกง'!H4+'8.ฉะเชิงเทรา'!H4+'9.บางคล้า'!H4+'10.พนมสารคาม'!H4+'12.บ้านฉาง'!H4+'13.ปากน้ำประแสร์'!H4+'14.จันทบุรี'!H4+'15.ขลุง'!H4+'16.ตราด'!H4+'17.คลองใหญ่'!H4+'18.สระแก้ว'!H4+'19.วัฒนานคร'!H4+'20.อรัญประเทศ'!H4+'21.ปราจีนบุรี'!H4+'22.กบินทร์บุรี'!H4),0) -> 0 | I3: =ROUND(('1.ชลบุรี'!I4+'2.พัทยา'!I4+'3.บ้านบึง'!I4+'4.พนัสนิคม'!I4+'5.ศรีราชา'!I4+'6.แหลมฉบัง'!I4+'7.บางปะกง'!I4+'8.ฉะเชิงเทรา'!I4+'9.บางคล้า'!I4+'10.พนมสารคาม'!I4+'12.บ้านฉาง'!I4+'13.ปากน้ำประแสร์'!I4+'14.จันทบุรี'!I4+'15.ขลุง'!I4+'16.ตราด'!I4+'17.คลองใหญ่'!I4+'18.สระแก้ว'!I4+'19.วัฒนานคร'!I4+'20.อรัญประเทศ'!I4+'21.ปราจีนบุรี'!I4+'22.กบินทร์บุรี'!I4),0) -> 0 | ... M3: =ROUND(('1.ชลบุรี'!M4+'2.พัทยา'!M4+'3.บ้านบึง'!M4+'4.พนัสนิคม'!M4+'5.ศรีราชา'!M4+'6.แหลมฉบัง'!M4+'7.บางปะกง'!M4+'8.ฉะเชิงเทรา'!M4+'9.บางคล้า'!M4+'10.พนมสารคาม'!M4+'12.บ้านฉาง'!M4+'13.ปากน้ำประแสร์'!M4+'14.จันทบุรี'!M4+'15.ขลุง'!M4+'16.ตราด'!M4+'17.คลองใหญ่'!M4+'18.สระแก้ว'!M4+'19.วัฒนานคร'!M4+'20.อรัญประเทศ'!M4+'21.ปราจีนบุรี'!M4+'22.กบินทร์บุรี'!M4),0) -> 0
A4: MNF ที่ยอมรับได้ | B4: =ROUND((B3*0.4),0) -> 14231 | C4: =$B$4 -> 14231 | D4: =$B$4 -> 14231 | E4: =$B$4 -> 14231 | F4: =$B$4 -> 14231 | G4: =$B$4 -> 14231 | H4: =$B$4 -> 14231 | I4: =$B$4 -> 14231 | J4: =$B$4 -> 14231 | ... M4: =$B$4 -> 14231
A5: เป้าหมาย MNF | B5: =ROUND((B3*0.85),0) -> 30240 | C5: =$B$5 -> 30240 | D5: =$B$5 -> 30240 | E5: =$B$5 -> 30240 | F5: =$B$5 -> 30240 | G5: =$B$5 -> 30240 | H5: =$B$5 -> 30240 | I5: =$B$5 -> 30240 | J5: =$B$5 -> 30240 | K5: =ROUND((B3*0.6),0) -> 21346 | L5: =$K$5 -> 21346 | M5: =$K$5 -> 21346
A6: น้ำผลิตจ่าย | B6: ='1.ชลบุรี'!B7+'2.พัทยา'!B7+'3.บ้านบึง'!B7+'4.พนัสนิคม'!B7+'5.ศรีราชา'!B7+'6.แหลมฉบัง'!B7+'7.บางปะกง'!B7+'8.ฉะเชิงเทรา'!B7+'9.บางคล้า'!B7+'10.พนมสารคาม'!B7+'12.บ้านฉาง'!B7+'13.ปากน้ำประแสร์'!B7+'14.จันทบุรี'!B7+'15.ขลุง'!B7+'16.ตราด'!B7+'17.คลองใหญ่'!B7+'18.สระแก้ว'!B7+'19.วัฒนานคร'!B7+'20.อรัญประเทศ'!B7+'21.ปราจีนบุรี'!B7+'22.กบินทร์บุรี'!B7 -> 52249.368 | C6: ='1.ชลบุรี'!C7+'2.พัทยา'!C7+'3.บ้านบึง'!C7+'4.พนัสนิคม'!C7+'5.ศรีราชา'!C7+'6.แหลมฉบัง'!C7+'7.บางปะกง'!C7+'8.ฉะเชิงเทรา'!C7+'9.บางคล้า'!C7+'10.พนมสารคาม'!C7+'12.บ้านฉาง'!C7+'13.ปากน้ำประแสร์'!C7+'14.จันทบุรี'!C7+'15.ขลุง'!C7+'16.ตราด'!C7+'17.คลองใหญ่'!C7+'18.สระแก้ว'!C7+'19.วัฒนานคร'!C7+'20.อรัญประเทศ'!C7+'21.ปราจีนบุรี'!C7+'22.กบินทร์บุรี'!C7 -> 52249.368 | D6: ='1.ชลบุรี'!D7+'2.พัทยา'!D7+'3.บ้านบึง'!D7+'4.พนัสนิคม'!D7+'5.ศรีราชา'!D7+'6.แหลมฉบัง'!D7+'7.บางปะกง'!D7+'8.ฉะเชิงเทรา'!D7+'9.บางคล้า'!D7+'10.พนมสารคาม'!D7+'12.บ้านฉาง'!D7+'13.ปากน้ำประแสร์'!D7+'14.จันทบุรี'!D7+'15.ขลุง'!D7+'16.ตราด'!D7+'17.คลองใหญ่'!D7+'18.สระแก้ว'!D7+'19.วัฒนานคร'!D7+'20.อรัญประเทศ'!D7+'21.ปราจีนบุรี'!D7+'22.กบินทร์บุรี'!D7 -> 52249.368 | E6: ='1.ชลบุรี'!E7+'2.พัทยา'!E7+'3.บ้านบึง'!E7+'4.พนัสนิคม'!E7+'5.ศรีราชา'!E7+'6.แหลมฉบัง'!E7+'7.บางปะกง'!E7+'8.ฉะเชิงเทรา'!E7+'9.บางคล้า'!E7+'10.พนมสารคาม'!E7+'12.บ้านฉาง'!E7+'13.ปากน้ำประแสร์'!E7+'14.จันทบุรี'!E7+'15.ขลุง'!E7+'16.ตราด'!E7+'17.คลองใหญ่'!E7+'18.สระแก้ว'!E7+'19.วัฒนานคร'!E7+'20.อรัญประเทศ'!E7+'21.ปราจีนบุรี'!E7+'22.กบินทร์บุรี'!E7 -> 52249.368 | F6: ='1.ชลบุรี'!F7+'2.พัทยา'!F7+'3.บ้านบึง'!F7+'4.พนัสนิคม'!F7+'5.ศรีราชา'!F7+'6.แหลมฉบัง'!F7+'7.บางปะกง'!F7+'8.ฉะเชิงเทรา'!F7+'9.บางคล้า'!F7+'10.พนมสารคาม'!F7+'12.บ้านฉาง'!F7+'13.ปากน้ำประแสร์'!F7+'14.จันทบุรี'!F7+'15.ขลุง'!F7+'16.ตราด'!F7+'17.คลองใหญ่'!F7+'18.สระแก้ว'!F7+'19.วัฒนานคร'!F7+'20.อรัญประเทศ'!F7+'21.ปราจีนบุรี'!F7+'22.กบินทร์บุรี'!F7 -> 52249.368 | G6: ='1.ชลบุรี'!G7+'2.พัทยา'!G7+'3.บ้านบึง'!G7+'4.พนัสนิคม'!G7+'5.ศรีราชา'!G7+'6.แหลมฉบัง'!G7+'7.บางปะกง'!G7+'8.ฉะเชิงเทรา'!G7+'9.บางคล้า'!G7+'10.พนมสารคาม'!G7+'12.บ้านฉาง'!G7+'13.ปากน้ำประแสร์'!G7+'14.จันทบุรี'!G7+'15.ขลุง'!G7+'16.ตราด'!G7+'17.คลองใหญ่'!G7+'18.สระแก้ว'!G7+'19.วัฒนานคร'!G7+'20.อรัญประเทศ'!G7+'21.ปราจีนบุรี'!G7+'22.กบินทร์บุรี'!G7 -> 52249.368 | H6: ='1.ชลบุรี'!H7+'2.พัทยา'!H7+'3.บ้านบึง'!H7+'4.พนัสนิคม'!H7+'5.ศรีราชา'!H7+'6.แหลมฉบัง'!H7+'7.บางปะกง'!H7+'8.ฉะเชิงเทรา'!H7+'9.บางคล้า'!H7+'10.พนมสารคาม'!H7+'12.บ้านฉาง'!H7+'13.ปากน้ำประแสร์'!H7+'14.จันทบุรี'!H7+'15.ขลุง'!H7+'16.ตราด'!H7+'17.คลองใหญ่'!H7+'18.สระแก้ว'!H7+'19.วัฒนานคร'!H7+'20.อรัญประเทศ'!H7+'21.ปราจีนบุรี'!H7+'22.กบินทร์บุรี'!H7 -> 52249.368 | I6: ='1.ชลบุรี'!I7+'2.พัทยา'!I7+'3.บ้านบึง'!I7+'4.พนัสนิคม'!I7+'5.ศรีราชา'!I7+'6.แหลมฉบัง'!I7+'7.บางปะกง'!I7+'8.ฉะเชิงเทรา'!I7+'9.บางคล้า'!I7+'10.พนมสารคาม'!I7+'12.บ้านฉาง'!I7+'13.ปากน้ำประแสร์'!I7+'14.จันทบุรี'!I7+'15.ขลุง'!I7+'16.ตราด'!I7+'17.คลองใหญ่'!I7+'18.สระแก้ว'!I7+'19.วัฒนานคร'!I7+'20.อรัญประเทศ'!I7+'21.ปราจีนบุรี'!I7+'22.กบินทร์บุรี'!I7 -> 52249.368 | ... M6: ='1.ชลบุรี'!M7+'2.พัทยา'!M7+'3.บ้านบึง'!M7+'4.พนัสนิคม'!M7+'5.ศรีราชา'!M7+'6.แหลมฉบัง'!M7+'7.บางปะกง'!M7+'8.ฉะเชิงเทรา'!M7+'9.บางคล้า'!M7+'10.พนมสารคาม'!M7+'12.บ้านฉาง'!M7+'13.ปากน้ำประแสร์'!M7+'14.จันทบุรี'!M7+'15.ขลุง'!M7+'16.ตราด'!M7+'17.คลองใหญ่'!M7+'18.สระแก้ว'!M7+'19.วัฒนานคร'!M7+'20.อรัญประเทศ'!M7+'21.ปราจีนบุรี'!M7+'22.กบินทร์บุรี'!M7 -> 52249.368

Sheet รวมกราฟสาขา
F1: กลุ่ม 2 สาขาขนาดใหญ่
F27: กลุ่ม 5 สาขาน้ำสูญเสียสูง
F77: กลุ่ม 15 สาขาทั่วไป (ไม่มีข้อมูลของระยอง)

Sheet 1.ชลบุรี
A1: ตุ๊กตา | Q1: ต.ค. | R1: พ.ย. | S1: ธ.ค. | T1: ม.ค. | U1: ก.พ. | V1: มี.ค
A2: กปภ.สาขาชลบุรี
B3: ต.ค. 68 | C3: พ.ย. 68 | D3: ธ.ค. 68 | E3: ม.ค. 69 | F3: ก.พ. 69 | G3: มี.ค. 69 | H3: เม.ย. 69 | I3: พ.ค. 69 | J3: มิ.ย. 69 | K3: ก.ค. 69 | L3: ส.ค. 69 | M3: ก.ย. 69
A4: MNF เกิดจริง | B4: =B37 -> 5478 | C4: =C37 -> 5364 | D4: =D37 -> 5395 | E4: =E37 -> 5577 | F4: =F37 -> 5582 | G4: =G37 -> 5433
A5: MNF ที่ยอมรับได้ | B5: =ROUND((B4*0.4),0) -> 2191 | C5: =$B$5 -> 2191 | D5: =$B$5 -> 2191 | E5: =$B$5 -> 2191 | F5: =$B$5 -> 2191 | G5: =$B$5 -> 2191 | H5: =$B$5 -> 2191 | I5: =$B$5 -> 2191 | J5: =$B$5 -> 2191 | ... M5: =$B$5 -> 2191
A6: เป้าหมาย MNF | B6: =ROUND((B4*0.85),0) -> 4656 | C6: =$B$6 -> 4656 | D6: =$B$6 -> 4656 | E6: =$B$6 -> 4656 | F6: =$B$6 -> 4656 | G6: =$B$6 -> 4656 | H6: =$B$6 -> 4656 | I6: =$B$6 -> 4656 | J6: =$B$6 -> 4656 | K6: =ROUND((B4*0.6),0) -> 3287 | L6: =$K$6 -> 3287 | M6: =$K$6 -> 3287
A7: น้ำผลิตจ่าย | B7: 6785 | C7: 6785 | D7: 6785 | E7: 6785 | F7: 6785 | G7: 6785 | H7: 6785 | I7: 6785 | J7: 6785 | K7: 6785 | L7: 6785 | M7: 6785
A10: MM บางพระ 1 จ่ายสุขุมวิท (600mm.) | B10: 577 | C10: 554 | D10: 535 | E10: 607 | F10: 613 | G10: 569
A11: MM-05 | B11: 1845 | C11: 2057 | D11: 2397 | E11: 2248 | F11: 2248 | G11: 2363
A12: Iwm-8-MM-05 ลงถัง สจ.ห้วยกะปิ | B12: -21 | C12: -44 | D12: -20 | E12: -20 | F12: -37 | G12: -42
A13: Iwm-10-MM-05 ลงถัง สจ.หนองข้างคอก | B13: -8 | C13: -9 | D13: -24 | E13: -13 | F13: -14 | G13: -12
A14: Iwm-11-MM-05 ลงถัง สจ.หนองรี | B14: -6 | C14: -7 | D14: -9 | E14: -7 | F14: -18 | G14: -193
A15: Iwm-12-MM-05 ลงถัง สจ.เขาสุวรรณ | B15: -465 | C15: -541 | D15: -800 | E15: -722 | F15: -750 | G15: -679
A16: MM-06
A17: DMA-06-3-1 รร.ห้วยกะปิ (ใต้สะพาน) จ่ายสุขุมวิทฝั่งทะเลถึงแยกอ่างศิลา,แยกเฉลิมไทย | B17: 519 | C17: 485 | D17: 510 | E17: 435 | F17: 768 | G17: 504
A18: MM-07 สจ.ห้วยกรุ จ่าย ถนนข้าวหลาม (400) | B18: 42 | C18: 44 | D18: 41 | E18: 43 | F18: 41 | G18: 47
A19: MM-08 จุดซื้อขาย ยูยู แยกวัดท้องคุ้ง (DMA-21-01) จ่าย นาป่า - ดอนหัวฬ่อ | B19: 343 | C19: 330 | D19: 341 | E19: 383 | F19: 336 | G19: 353
A20: MM-09 จุดซื้อขาย ยูยู ม.ศรีปทุม (DMA-20-01) จ่าย บางทราย - คลองตำหรุ | B20: 411 | C20: 436 | D20: 369 | E20: 409 | F20: 359 | G20: 375
A21: Iwm-13-MM-09 ลงถัง สจ.บางทราย | B21: -23 | C21: -59 | D21: -50 | E21: -39 | F21: -33 | G21: -38
A22: DMA-11-1 สจ.ห้วยกะปิ (จ่ายฝั่งล่างทางรถไฟ) | B22: 183 | C22: 138 | D22: 147 | E22: 160 | F22: 141 | G22: 156
A23: DMA-11-2 สจ.ห้วยกะปิ (จ่ายฝั่งบนทางรถไฟ) | B23: 1 | C23: 4 | D23: 6 | E23: 1 | F23: 2 | G23: 11
A24: DMA-12 สจ.มณีแก้ว (ถังสูงจ่ายพื้นที่ต.เหมือง, มบ.มณีแก้ว) | B24: 90 | C24: 101 | D24: 130 | E24: 102 | F24: 93 | G24: 99
A25: DMA-13-1 สจ.ต้นบุญ (ถังสูงจ่ายพื้นที่เทศบาลเหมือง) | B25: 161 | C25: 148 | D25: 158 | E25: 167 | F25: 143 | G25: 141
A26: DMA-14-1 สจ.บางแสน จ่าย ต.แสนสุข (DMA สจ.บางแสน จ่ายบางแสน) | B26: 222 | C26: 188 | D26: 211 | E26: 192 | F26: 216 | G26: 206
A27: DMA-14-3 สจ.บางแสน จ่าย ต.อ่างศิลา | B27: 239 | C27: 254 | D27: 225 | E27: 242 | F27: 219 | G27: 251
A28: DMA-16-1 สจ.เสม็ด จ่ายชุมชนเสม็ด (เคหะชุมชน) | B28: 22 | C28: 29 | D28: 23 | E28: 44 | F28: 49 | G28: 68
... A36: DMA-20-4 สจ.เขาสุวรรณ จ่าย ไปแยกเลี่ยงเมือง (300 มม.) | B36: 141 | C36: 157 | D36: 165 | E36: 313 | F36: 322 | G36: 312
B37: =SUM(B10:B36) -> 5478 | C37: =SUM(C10:C36) -> 5364 | D37: =SUM(D10:D36) -> 5395 | E37: =SUM(E10:E36) -> 5577 | F37: =SUM(F10:F36) -> 5582 | G37: =SUM(G10:G36) -> 5433

Sheet 2.พัทยา
A1: คิว
A2: กปภ.สาขาพัทยา (ชั้นพิเศษ)
B3: ต.ค. 68 | C3: พ.ย. 68 | D3: ธ.ค. 68 | E3: ม.ค. 69 | F3: ก.พ. 69 | G3: มี.ค. 69 | H3: เม.ย. 69 | I3: พ.ค. 69 | J3: มิ.ย. 69 | K3: ก.ค. 69 | L3: ส.ค. 69 | M3: ก.ย. 69
A4: MNF เกิดจริง | B4: =B33 -> 5666 | C4: =C33 -> 5305 | D4: =D33 -> 5620 | E4: =E33 -> 5399 | F4: =F33 -> 5573 | G4: =G33 -> 5630 | H4: =H33 -> 0 | I4: =I33 -> 0 | ... M4: =M33 -> 0
A5: MNF ที่ยอมรับได้ | B5: =B4*0.4 -> 2266.4 | C5: =$B$5 -> 2266.4 | D5: =$B$5 -> 2266.4 | E5: =$B$5 -> 2266.4 | F5: =$B$5 -> 2266.4 | G5: =$B$5 -> 2266.4 | H5: =$B$5 -> 2266.4 | I5: =$B$5 -> 2266.4 | J5: =$B$5 -> 2266.4 | ... M5: =$B$5 -> 2266.4
A6: เป้าหมาย MNF | B6: =ROUND((B4*0.85),0) -> 4816 | C6: =$B$6 -> 4816 | D6: =$B$6 -> 4816 | E6: =$B$6 -> 4816 | F6: =$B$6 -> 4816 | G6: =$B$6 -> 4816 | H6: =$B$6 -> 4816 | I6: =$B$6 -> 4816 | J6: =$B$6 -> 4816 | K6: =ROUND((B4*0.6),0) -> 3400 | L6: =$K$6 -> 3400 | M6: =$K$6 -> 3400
A7: น้ำผลิตจ่าย | B7: 8472.2399 | C7: =B7 -> 8472.2399 | D7: =C7 -> 8472.2399 | E7: =D7 -> 8472.2399 | F7: =E7 -> 8472.2399 | G7: =F7 -> 8472.2399 | H7: =G7 -> 8472.2399 | I7: =H7 -> 8472.2399 | J7: =I7 -> 8472.2399 | ... M7: =L7 -> 8472.2399
A8: *หมายเหตุ : (MM02)-(iwm-MM02)+(MM03)+(DMA-06-1)+(MM-07)+(MM-08)-(Iwm-MM-08)+(MM-11)+(MM-12)+(MM-13)+(MM-14)+(DMA-15/16-1)+(DMA-01-2)+(DMA-27/28-1)+(DMA-27/28-2)+(MM-19)+(MM-26) +(MM-20)+(DMA-300)+(DMA-21-1)+(MM-26)
A11: MM02 | B11: 1438 | C11: 1307 | D11: 1269 | E11: 1326 | F11: 1438 | G11: 1308
A12: iwm-MM02 | B12: -640 | C12: -628 | D12: -676 | E12: -673 | F12: -666 | G12: -580
A13: MM03 | B13: 490 | C13: 411 | D13: 389 | E13: 389 | F13: 411 | G13: 359
A14: DMA-06-1 | B14: 28 | C14: 28 | D14: 28 | E14: 28 | F14: 28 | G14: 23
A15: MM-07 | B15: 600 | C15: 417 | D15: 591 | E15: 579 | F15: 448 | G15: 650
A16: MM-08 | B16: 786 | C16: 795 | D16: 753 | E16: 639 | F16: 687 | G16: 550
A17: Iwm-MM-08 | B17: -215 | C17: -224 | D17: -202 | E17: -202 | F17: -202 | G17: -160
A18: MM-11 | B18: 367 | C18: 260 | D18: 426 | E18: 361 | F18: 444 | G18: 350
A19: MM-12 | B19: 593 | C19: 580 | D19: 610 | E19: 599 | F19: 613 | G19: 650
A20: MM-13 | B20: 30 | C20: 38 | D20: 38 | E20: 38 | F20: 38 | G20: 38
A21: MM-14 | B21: 20 | C21: 50 | D21: 43 | E21: 34 | F21: 33 | G21: 38
A22: DMA-15/16-1 | B22: 31 | C22: 92 | D22: 83 | E22: 87 | F22: 81 | G22: 76
... A32: MM-26 | B32: 31 | C32: 38 | D32: 36 | E32: 48 | F32: 30 | G32: 30
A33: Total | B33: =SUM(B11:B32) -> 5666 | C33: =SUM(C11:C32) -> 5305 | D33: =SUM(D11:D32) -> 5620 | E33: =SUM(E11:E32) -> 5399 | F33: =SUM(F11:F32) -> 5573 | G33: =SUM(G11:G32) -> 5630 | H33: =SUM(H11:H32) -> 0 | I33: =SUM(I11:I32) -> 0 | ... M33: =SUM(M11:M32) -> 0

Sheet 3.บ้านบึง
A1: ปอนด์
A2: กปภ.สาขาบ้านบึง
B3: ต.ค. 68 | C3: พ.ย. 68 | D3: ธ.ค. 68 | E3: ม.ค. 69 | F3: ก.พ. 69 | G3: มี.ค. 69 | H3: เม.ย. 69 | I3: พ.ค. 69 | J3: มิ.ย. 69 | K3: ก.ค. 69 | L3: ส.ค. 69 | M3: ก.ย. 69
A4: MNF เกิดจริง | B4: 1686.28 | C4: 1789.28 | D4: 1826.91 | E4: 1698.28 | F4: 1775.96 | G4: 1904.05
A5: MNF ที่ยอมรับได้ | B5: =B4*0.4 -> 674.512 | C5: =$B$5 -> 674.512 | D5: =$B$5 -> 674.512 | E5: =$B$5 -> 674.512 | F5: =$B$5 -> 674.512 | G5: =$B$5 -> 674.512 | H5: =$B$5 -> 674.512 | I5: =$B$5 -> 674.512 | J5: =$B$5 -> 674.512 | ... M5: =$B$5 -> 674.512
A6: เป้าหมาย MNF | B6: =ROUND((B4*0.85),0) -> 1433 | C6: =$B$6 -> 1433 | D6: =$B$6 -> 1433 | E6: =$B$6 -> 1433 | F6: =$B$6 -> 1433 | G6: =$B$6 -> 1433 | H6: =$B$6 -> 1433 | I6: =$B$6 -> 1433 | J6: =$B$6 -> 1433 | K6: =ROUND((B4*0.6),0) -> 1012 | L6: =$K$6 -> 1012 | M6: =$K$6 -> 1012
A7: น้ำผลิตจ่าย | B7: 2624 | C7: 2624 | D7: 2624 | E7: 2624 | F7: 2624 | G7: 2624 | H7: 2624 | I7: 2624 | J7: 2624 | K7: 2624 | L7: 2624 | M7: 2624
A8: *หมายเหตุ : (MM03)-(iwm-MM03)+(MM04)+(MM05)+(MM06)+(MM07)+(MM10)+(MM11)+(MM12)+(MM13)+(MM14)+(MM16)+(MM17)
A11: MM03 | B11: 764.34 | C11: 863.12 | D11: 817.32 | E11: 880.45 | F11: 771.33 | G11: 878.66
A12: Iwm MM03 | B12: 267.4 | C12: 291.88 | D12: 240.87 | E12: 296.38 | F12: 109.04 | G12: 282.73
A13: MM04 | B13: 100.52 | C13: 120.55 | D13: 118.37 | E13: 97.31 | F13: 107.78 | G13: 173.83
A14: MM05 | B14: 199.31 | C14: 228.46 | D14: 189.55 | E14: 203.72 | F14: 228.91 | G14: 265.26
A15: MM06 | B15: 265.96 | C15: 280.84 | D15: 300.59 | E15: 266.56 | F15: 266.56 | G15: 266.56
A16: MM07 | B16: 104.26 | C16: 114.55 | D16: 156.16 | E16: 89.86 | F16: 70.17 | G16: 123.85
A17: MM10 | B17: 37 | C17: 37 | D17: 37 | E17: 37 | F17: 37 | G17: 37
A18: MM11 | B18: 5.81 | C18: 5.63 | D18: 9.73 | E18: 8.57 | F18: 18.3 | G18: 63.15
A19: MM12 | B19: 26.55 | C19: 19.53 | D19: 23.32 | E19: 26.15 | F19: 22.73 | G19: 17.55
A20: MM13 | B20: 205.2 | C20: 196.8 | D20: 162.6 | E20: 153 | F20: 162.54 | G20: 132.96
A21: MM14 | B21: 189 | C21: 177 | D21: 198.6 | E21: 171 | F21: 158.69 | G21: 143.36
A22: MM16 | B22: 55.73 | C22: 37.68 | D22: 54.54 | E22: 61.05 | F22: 40.99 | G22: 84.6

Sheet 4.พนัสนิคม
A1: จ๋า
A2: กปภ.สาขาพนัสนิคม
B3: ต.ค. 68 | C3: พ.ย. 68 | D3: ธ.ค. 68 | E3: ม.ค. 69 | F3: ก.พ. 69 | G3: มี.ค. 69 | H3: เม.ย. 69 | I3: พ.ค. 69 | J3: มิ.ย. 69 | K3: ก.ค. 69 | L3: ส.ค. 69 | M3: ก.ย. 69
A4: MNF เกิดจริง | B4: =B31 -> 1678 | C4: =C31 -> 1615 | D4: =D31 -> 1451 | E4: =E31 -> 1482 | F4: =F31 -> 1491 | G4: =G31 -> 1519
A5: MNF ที่ยอมรับได้ | B5: =B4*0.4 -> 671.2 | C5: =$B$5 -> 671.2 | D5: =$B$5 -> 671.2 | E5: =$B$5 -> 671.2 | F5: =$B$5 -> 671.2 | G5: =$B$5 -> 671.2 | H5: =$B$5 -> 671.2 | I5: =$B$5 -> 671.2 | J5: =$B$5 -> 671.2 | ... M5: =$B$5 -> 671.2
A6: เป้าหมาย MNF | B6: =ROUND((B4*0.85),0) -> 1426 | C6: =$B$6 -> 1426 | D6: =$B$6 -> 1426 | E6: =$B$6 -> 1426 | F6: =$B$6 -> 1426 | G6: =$B$6 -> 1426 | H6: =$B$6 -> 1426 | I6: =$B$6 -> 1426 | J6: =$B$6 -> 1426 | K6: =ROUND((B4*0.6),0) -> 1007 | L6: =$K$6 -> 1007 | M6: =$K$6 -> 1007
A7: น้ำผลิตจ่าย | B7: 3195 | C7: 3195 | D7: 3195 | E7: 3195 | F7: 3195 | G7: 3195 | H7: 3195 | I7: 3195 | J7: 3195 | K7: 3195 | L7: 3195 | M7: 3195
A9: DMA-01 | B9: 2 | C9: 3 | D9: 1 | E9: 3 | F9: 1 | G9: 2
A10: MM-04 | B10: 197 | C10: 191 | D10: 198 | E10: 198 | F10: 227 | G10: 193
A11: MM-05 | B11: 88 | C11: 91 | D11: 37 | E11: 28 | F11: 29 | G11: 29
A12: MM-08 | B12: 29 | C12: 30 | D12: 32 | E12: 41 | F12: 28 | G12: 23
A13: MM-09 | B13: 34 | C13: 48 | D13: 32 | E13: 20 | F13: 33 | G13: 29
A14: MM-10 | B14: 45 | C14: 55 | D14: 55 | E14: 55 | F14: 55 | G14: 55
A15: MM-11 | B15: 290 | C15: 265 | D15: 250 | E15: 345 | F15: 252 | G15: 325
A16: MM-12 | B16: 87 | C16: 75 | D16: 56 | E16: 33 | F16: 40 | G16: 36
A17: MM-13 | B17: 1 | C17: 1 | D17: 9 | E17: 2 | F17: 1 | G17: 1
A18: MM-14 | B18: 118 | C18: 67 | D18: 75 | E18: 73 | F18: 65 | G18: 68
A19: MM-15 | B19: =63-19 -> 44 | C19: =109-52 -> 57 | D19: =109-53 -> 56 | E19: =103-51 -> 52 | F19: =120-64 -> 56 | G19: =98-50 -> 48
A20: -Iwm-MM-15
A21: MM-16 | B21: 26 | C21: 28 | D21: 26 | E21: 21 | F21: 32 | G21: 28
A22: DMA-19-1 | B22: 11 | C22: 15 | D22: 10 | E22: 14 | F22: 10 | G22: 10
A23: DMA-19-2 | B23: 185 | C23: 184 | D23: 187 | E23: 183 | F23: 181 | G23: 189
A24: MM-20 | B24: 223 | C24: 227 | D24: 220 | E24: 219 | F24: 228 | G24: 231
A25: MM-21 | B25: 72 | C25: 84 | D25: 60 | E25: 60 | F25: 90 | G25: 96
A26: MM-22 | B26: 157 | C26: 154 | D26: 101 | E26: 101 | F26: 115 | G26: 100
A27: DMA-23 | B27: 3 | C27: 3 | D27: 7 | E27: 7 | F27: 5 | G27: 7
A28: DMA-24 | B28: 36 | C28: 15 | D28: 14 | E28: 4 | F28: 13 | G28: 13
A29: DMA-25 | B29: 30 | C29: 22 | D29: 25 | E29: 23 | F29: 25 | G29: 30
A30: DMA-26 | F30: 5 | G30: 6
A31: SUM | B31: =sum(B9:B30) -> 1678 | C31: =sum(C9:C30) -> 1615 | D31: =sum(D9:D30) -> 1451 | E31: =sum(E9:E30) -> 1482 | F31: =sum(F9:F30) -> 1491 | G31: =sum(G9:G30) -> 1519 | H31: =sum(H9:H30) -> 0 | I31: =sum(I9:I30) -> 0 | ... M31: =sum(M9:M30) -> 0

Sheet 5.ศรีราชา
A1: ปอนด์
A2: กปภ.สาขาศรีราชา
B3: ต.ค. 68 | C3: พ.ย. 68 | D3: ธ.ค. 68 | E3: ม.ค. 69 | F3: ก.พ. 69 | G3: มี.ค. 69 | H3: เม.ย. 69 | I3: พ.ค. 69 | J3: มิ.ย. 69 | K3: ก.ค. 69 | L3: ส.ค. 69 | M3: ก.ย. 69
A4: MNF เกิดจริง | B4: 2848.81 | C4: 2915.5 | D4: 2852.76 | E4: 2847.15 | F4: 2836.74 | G4: 2978.85
A5: MNF ที่ยอมรับได้ | B5: =B4*0.4 -> 1139.524 | C5: =$B$5 -> 1139.524 | D5: =$B$5 -> 1139.524 | E5: =$B$5 -> 1139.524 | F5: =$B$5 -> 1139.524 | G5: =$B$5 -> 1139.524 | H5: =$B$5 -> 1139.524 | I5: =$B$5 -> 1139.524 | J5: =$B$5 -> 1139.524 | ... M5: =$B$5 -> 1139.524
A6: เป้าหมาย MNF | B6: =ROUND((B4*0.85),0) -> 2421 | C6: =$B$6 -> 2421 | D6: =$B$6 -> 2421 | E6: =$B$6 -> 2421 | F6: =$B$6 -> 2421 | G6: =$B$6 -> 2421 | H6: =$B$6 -> 2421 | I6: =$B$6 -> 2421 | J6: =$B$6 -> 2421 | K6: =ROUND((B4*0.6),0) -> 1709 | L6: =$K$6 -> 1709 | M6: =$K$6 -> 1709
A7: น้ำผลิตจ่าย | B7: 3538 | C7: 3538 | D7: 3538 | E7: 3538 | F7: 3538 | G7: 3538 | H7: 3538 | I7: 3538 | J7: 3538 | K7: 3538 | L7: 3538 | M7: 3538
A8: *หมายเหตุ : [MM01]+[MM02]+[MM03]+[MM04]+[MM05]+[MM06]+[MM07]+[MM09]+[MM10]+[MM11]-[MM-13]-[MM-15]-[ฺBluk sell01]
A11: MM01 | B11: 90.09 | C11: 90.09 | D11: 90.09 | E11: 90.09 | F11: 90.09 | G11: 90.09
A12: MM02 | B12: 5.34 | C12: 5.34 | D12: 6.21 | E12: 5.36 | F12: 6.11 | G12: 6.48
A13: MM03 | B13: 90.33 | C13: 90.33 | D13: 90.33 | E13: 90.33 | F13: 90.33 | G13: 51.85
A14: MM04 | B14: 5 | C14: 5 | D14: 5 | E14: 5 | F14: 5 | G14: 5
A15: MM05 | B15: 150 | C15: 150 | D15: 150 | E15: 150 | F15: 150 | G15: 150
A16: MM06 | B16: 330.17 | C16: 421.32 | D16: 559.75 | E16: 362.91 | F16: 352.78 | G16: 496
A17: MM07 | B17: 43 | C17: 43 | D17: 43 | E17: 43 | F17: 43 | G17: 118
A18: MM09 | B18: 171.16 | C18: 196.24 | D18: 160.39 | E18: 210.61 | F18: 195.21 | G18: 241
A19: MM10 | B19: 1981.33 | C19: 1954.79 | D19: 1803.18 | E19: 1964.02 | F19: 1981.51 | G19: 1914.19
A20: MM11 | B20: 151.84 | C20: 151.84 | D20: 151.84 | E20: 151.84 | F20: 151.84 | G20: 191.49
A21: MM13 | B21: 42.6 | C21: 45.85 | D21: 38.5 | E21: 43.63 | F21: 46.15 | G21: 45.54
A22: MM15 | B22: 43.45 | C22: 63.24 | D22: 85.13 | E22: 98.98 | F22: 85.18 | G22: 141.57
A23: ฺBluk sell01 | B23: 83.4 | C23: 83.4 | D23: 83.4 | E23: 83.4 | F23: 97.8 | G23: 98.14

Sheet 6.แหลมฉบัง
A1: เอ
A2: กปภ.สาขาแหลมฉบัง
B3: ต.ค. 68 | C3: พ.ย. 68 | D3: ธ.ค. 68 | E3: ม.ค. 69 | F3: ก.พ. 69 | G3: มี.ค. 69 | H3: เม.ย. 69 | I3: พ.ค. 69 | J3: มิ.ย. 69 | K3: ก.ค. 69 | L3: ส.ค. 69 | M3: ก.ย. 69
A4: MNF เกิดจริง | B4: =B25 -> 2235.95 | C4: =C25 -> 2181.63 | D4: =D25 -> 2190.61 | E4: =E25 -> 2233.01 | F4: =F25 -> 2144.55 | G4: =G25 -> 2080.3
A5: MNF ที่ยอมรับได้ | B5: =B4*0.4 -> 894.38 | C5: =$B$5 -> 894.38 | D5: =$B$5 -> 894.38 | E5: =$B$5 -> 894.38 | F5: =$B$5 -> 894.38 | G5: =$B$5 -> 894.38 | H5: =$B$5 -> 894.38 | I5: =$B$5 -> 894.38 | J5: =$B$5 -> 894.38 | ... M5: =$B$5 -> 894.38
A6: เป้าหมาย MNF | B6: =ROUND((B4*0.85),0) -> 1901 | C6: =$B$6 -> 1901 | D6: =$B$6 -> 1901 | E6: =$B$6 -> 1901 | F6: =$B$6 -> 1901 | G6: =$B$6 -> 1901 | H6: =$B$6 -> 1901 | I6: =$B$6 -> 1901 | J6: =$B$6 -> 1901 | K6: =ROUND((B4*0.6),0) -> 1342 | L6: =$K$6 -> 1342 | M6: =$K$6 -> 1342
A7: น้ำผลิตจ่าย | B7: 3813 | C7: =B7 -> 3813 | D7: =C7 -> 3813 | E7: =D7 -> 3813 | F7: =E7 -> 3813 | G7: =F7 -> 3813 | H7: =G7 -> 3813 | I7: =H7 -> 3813 | J7: =I7 -> 3813 | ... M7: =L7 -> 3813
A9: หมายเหตุ | B9: [MM-01]+[MM-02]+[MM-03]+[MM-04]+[MM-05]+[MM-06]+[MM-07]+[MM-08]+[MM-09]+[MM-10]+[MM-12]+[MM-13]+[MM-14]+[MM-15]
A11: MM-01 | B11: 450 | C11: 320 | D11: 450 | E11: =479.09 -> 479.09 | F11: 450 | G11: 429.57
A12: MM-02 | B12: =383.75 -> 383.75 | C12: =402.53 -> 402.53 | D12: 340 | E12: =380.08 -> 380.08 | F12: =311.38 -> 311.38 | G12: 323.67
A13: MM-03 | B13: 340 | C13: =313.86 -> 313.86 | D13: =334 -> 334 | E13: =301.42 -> 301.42 | F13: =335.23 -> 335.23 | G13: 216.72
A14: MM-04 | B14: =154.58 -> 154.58 | C14: =123.12 -> 123.12 | D14: =119.35 -> 119.35 | E14: =122.81 -> 122.81 | F14: =110.17 -> 110.17 | G14: 166.51
A15: MM-05 | B15: =5.12 -> 5.12 | C15: =4.17 -> 4.17 | D15: =8.68 -> 8.68 | E15: =14.58 -> 14.58 | F15: =5.11 -> 5.11 | G15: 13.55
A16: MM-06 | B16: =37.02 -> 37.02 | C16: =34.85 -> 34.85 | D16: 32 | E16: =36.69 -> 36.69 | F16: 22.14 | G16: 32.54
A17: MM-07 | B17: =54.6 -> 54.6 | C17: =63.6 -> 63.6 | D17: =66.1 -> 66.1 | E17: =75.2 -> 75.2 | F17: =74.6 -> 74.6 | G17: 60.8
A18: MM-08 | B18: =5.8 -> 5.8 | C18: =7.2 -> 7.2 | D18: =5.8 -> 5.8 | E18: =5.8 -> 5.8 | F18: =5.9 -> 5.9 | G18: 6.25
A19: MM-09 | B19: =48.64 -> 48.64 | C19: =48.64 -> 48.64 | D19: =26.9 -> 26.9 | E19: =1.05 -> 1.05 | F19: =23.91 -> 23.91 | G19: 24.02
A20: MM-10 | B20: =44.01 -> 44.01 | C20: =63.24 -> 63.24 | D20: =78.75 -> 78.75 | E20: =95.95 -> 95.95 | F20: =96.09 -> 96.09 | G20: 89.92
A21: MM-12 | B21: =35.97 -> 35.97 | C21: =44.85 -> 44.85 | D21: =67.28 -> 67.28 | E21: =65.14 -> 65.14 | F21: =65.89 -> 65.89 | G21: 89.89
A22: MM-13 | B22: =197.23 -> 197.23 | C22: =250.07 -> 250.07 | D22: =218.55 -> 218.55 | E22: =210.13 -> 210.13 | F22: =207.68 -> 207.68 | G22: 204.24
A23: MM-14 | B23: =229.45 -> 229.45 | C23: =234.8 -> 234.8 | D23: 215 | E23: =219.68 -> 219.68 | F23: =198.16 -> 198.16 | G23: 180.15
A24: MM-15 | B24: =249.78 -> 249.78 | C24: =270.7 -> 270.7 | D24: =228.2 -> 228.2 | E24: =225.39 -> 225.39 | F24: =238.29 -> 238.29 | G24: 242.47
A25: รวม | B25: =SUM(B11:B24) -> 2235.95 | C25: =SUM(C11:C24) -> 2181.63 | D25: =SUM(D11:D24) -> 2190.61 | E25: =SUM(E11:E24) -> 2233.01 | F25: =SUM(F11:F24) -> 2144.55 | G25: =SUM(G11:G24) -> 2080.3

Sheet 7.บางปะกง
A1: ตาล
A2: กปภ.สาขาบางปะกง | Q2: ตค 68 | R2: พย 68 | S2: ธค 68 | T2: มค 69 | U2: กพ 69 | V2: มี.ค. 69
B3: ต.ค. 68 | C3: พ.ย. 68 | D3: ธ.ค. 68 | E3: ม.ค. 69 | F3: ก.พ. 69 | G3: มี.ค. 69 | H3: เม.ย. 69 | I3: พ.ค. 69 | J3: มิ.ย. 69 | K3: ก.ค. 69 | L3: ส.ค. 69 | M3: ก.ย. 69 | P3: MM-04 จ่ายพื้นที่ บูรพา บางวัว ลงถังท่าสะอ้าน (มีมาตรรับ) | Q3: 66.19 | R3: 69.99 | S3: 60.17 | T3: 64.85 | U3: 69.59 | V3: 65.8
A4: MNF เกิดจริง | B4: =Q16 -> 979.2 | C4: =R16 -> 910.39 | D4: =S16 -> 873.1 | E4: =T16 -> 1057.24 | F4: =U16 -> 1104.56 | G4: =V16 -> 1079.13 | P4: MM-05 จ่ายพื้นที่ซอยร่วมใจ | Q4: 10.07 | R4: 9.55 | S4: 21.69 | T4: 20.21 | U4: 7.57 | V4: 10.12
A5: MNF ที่ยอมรับได้ | B5: =B4*0.4 -> 391.68 | C5: =$B$5 -> 391.68 | D5: =$B$5 -> 391.68 | E5: =$B$5 -> 391.68 | F5: =$B$5 -> 391.68 | G5: =$B$5 -> 391.68 | H5: =$B$5 -> 391.68 | I5: =$B$5 -> 391.68 | J5: =$B$5 -> 391.68 | ... M5: =$B$5 -> 391.68 | P5: MM-07 จ่ายพื้นที่บางเกลือ บางสมัคร (ท่อ400) | Q5: 126.79 | R5: 110 | S5: 106.83 | T5: 122.82 | U5: 129.15 | V5: 131.33
A6: เป้าหมาย MNF | B6: =ROUND((B4*0.85),0) -> 832 | C6: =$B$6 -> 832 | D6: =$B$6 -> 832 | E6: =$B$6 -> 832 | F6: =$B$6 -> 832 | G6: =$B$6 -> 832 | H6: =$B$6 -> 832 | I6: =$B$6 -> 832 | J6: =$B$6 -> 832 | K6: =ROUND((B4*0.6),0) -> 588 | L6: =$K$6 -> 588 | M6: =$K$6 -> 588 | P6: MM-08 จ่ายพื้นที่บางสมัคร หอมศีล | Q6: 121.68 | R6: 126.12 | S6: 112.76 | T6: 130.95 | U6: 129.57 | V6: 142.82
A7: น้ำผลิตจ่าย | B7: 1817.94 | C7: 1817.94 | D7: 1817.94 | E7: 1817.94 | F7: 1817.94 | G7: 1817.94 | H7: 1817.94 | I7: 1817.94 | J7: 1817.94 | K7: 1817.94 | L7: 1817.94 | M7: 1817.94 | P7: MM-09 จ่ายพื้นที่บางวัว ตำบลพิมพา | Q7: 76.57 | R7: 64.07 | S7: 59.23 | T7: 70.79 | U7: 57.21 | V7: 76.69
P8: MM-10 จ่ายพื้นที่เขาดิน บางผึ้ง หลังโรงไฟฟ้าบางปะกง | Q8: 51.83 | R8: 61.62 | S8: 50 | T8: 51.58 | U8: 62.12 | V8: 49.03
P9: MM-11 จ่ายพื้นที่ ตำบลหนองจอก ตำบลท่าสะอ้าน | Q9: 67.88 | R9: 65 | S9: 42.5 | T9: 53.35 | U9: 72.26 | V9: 30.62
P10: MM-12 จ่ายพื้นที่ท่าสะอ้าน | Q10: 2.6 | R10: 4.58 | S10: 2.66 | T10: 8.97 | U10: 1.8 | V10: 4.16
P11: MM-13 จ่ายพื้นที่ท่าสะอ้าน บางวัว | Q11: 21.32 | R11: 18.04 | S11: 19 | T11: 30.03 | U11: 14.78 | V11: 23.71
P12: MM-14 จ่ายพื้นที่ตลาดบางปะกง | Q12: 99.69 | R12: 98 | S12: 99.75 | T12: 149.59 | U12: 137.33 | V12: 126.89
P13: MM-15 จ่ายพื้นที่วัดบน | Q13: 45.75 | R13: 43.42 | S13: 41.19 | T13: 58.08 | U13: 60.72 | V13: 50.38
P14: MM-16 จ่ายพื้นที่ตำบลท่าข้าม บางนาง | Q14: 140.44 | R14: 120 | S14: 140 | T14: 147.05 | U14: 146.65 | V14: 134.13
P15: MM-17 จ่ายพื้นที่สองคลอง บางปะกง | Q15: 148.39 | R15: 120 | S15: 117.32 | T15: 148.97 | U15: 215.81 | V15: 233.45
Q16: =sum(Q3:Q15) -> 979.2 | R16: =sum(R3:R15) -> 910.39 | S16: =sum(S3:S15) -> 873.1 | T16: =sum(T3:T15) -> 1057.24 | U16: =sum(U3:U15) -> 1104.56 | V16: =sum(V3:V15) -> 1079.13

Sheet 8.ฉะเชิงเทรา
A1: จ๋า
A2: กปภ.สาขาฉะเชิงเทรา
B3: ต.ค. 68 | C3: พ.ย. 68 | D3: ธ.ค. 68 | E3: ม.ค. 69 | F3: ก.พ. 69 | G3: มี.ค. 69 | H3: เม.ย. 69 | I3: พ.ค. 69 | J3: มิ.ย. 69 | K3: ก.ค. 69 | L3: ส.ค. 69 | M3: ก.ย. 69
A4: MNF เกิดจริง | B4: 876 | C4: 862 | D4: 870 | E4: 921 | F4: 911 | G4: =G19 -> 945
A5: MNF ที่ยอมรับได้ | B5: =B4*0.4 -> 350.4 | C5: =$B$5 -> 350.4 | D5: =$B$5 -> 350.4 | E5: =$B$5 -> 350.4 | F5: =$B$5 -> 350.4 | G5: =$B$5 -> 350.4 | H5: =$B$5 -> 350.4 | I5: =$B$5 -> 350.4 | J5: =$B$5 -> 350.4 | ... M5: =$B$5 -> 350.4
A6: เป้าหมาย MNF | B6: =ROUND((B4*0.85),0) -> 745 | C6: =$B$6 -> 745 | D6: =$B$6 -> 745 | E6: =$B$6 -> 745 | F6: =$B$6 -> 745 | G6: =$B$6 -> 745 | H6: =$B$6 -> 745 | I6: =$B$6 -> 745 | J6: =$B$6 -> 745 | K6: =ROUND((B4*0.6),0) -> 526 | L6: =$K$6 -> 526 | M6: =$K$6 -> 526
A7: น้ำผลิตจ่าย | B7: 1418 | C7: 1418 | D7: 1418 | E7: 1418 | F7: 1418 | G7: 1418 | H7: 1418 | I7: 1418 | J7: 1418 | K7: 1418 | L7: 1418 | M7: 1418
A8: หมายเหตุ | B8: [MM-01]+[MM-02]+[MM-03]+[MM-04]+[MM-05]+[MM-07]
A10: MM-01 | B10: 90 | C10: 104 | D10: 98 | E10: 102 | F10: 96 | G10: 100
A11: MM-02 | B11: 32 | C11: 32 | D11: 32 | E11: 33 | F11: 33 | G11: 34
A12: -Bulk Sell01-MM-02 | B12: 3 | C12: 5 | D12: 5 | E12: 7 | F12: 3 | G12: 1
A13: MM-03 | B13: 183 | C13: 174 | D13: 181 | E13: 180 | F13: 180 | G13: 199
A14: MM-04 | B14: 122 | C14: 120 | D14: 128 | E14: 133 | F14: 120 | G14: 120
A15: -Bulk Sell03-MM-04
A16: MM-05 | B16: 6 | C16: 12 | D16: 6 | E16: 12 | F16: 12 | G16: 18
A17: MM-07 | B17: 446 | C17: 425 | D17: 430 | E17: 468 | F17: 473 | G17: 475
A18: -Bulk Sell05-MM-07
B19: =B10+B11-B12+B13+B14+B16+B17 -> 876 | C19: =C10+C11-C12+C13+C14+C16+C17 -> 862 | D19: =D10+D11-D12+D13+D14+D16+D17 -> 870 | E19: =E10+E11-E12+E13+E14+E16+E17 -> 921 | F19: =F10+F11-F12+F13+F14+F16+F17 -> 911 | G19: =G10+G11-G12+G13+G14+G16+G17 -> 945

Sheet 9.บางคล้า
A1: ต๊ะ
A2: กปภ.สาขาบางคล้า
B3: ต.ค. 68 | C3: พ.ย. 68 | D3: ธ.ค. 68 | E3: ม.ค. 69 | F3: ก.พ. 69 | G3: มี.ค. 69 | H3: เม.ย. 69 | I3: พ.ค. 69 | J3: มิ.ย. 69 | K3: ก.ค. 69 | L3: ส.ค. 69 | M3: ก.ย. 69
A4: MNF เกิดจริง | B4: =B25 -> 2330 | C4: =C25 -> 2254 | D4: =D25 -> 2160 | E4: =E25 -> 2172 | F4: =F25 -> 2213 | G4: =G25 -> 2105
A5: MNF ที่ยอมรับได้ | B5: =B4*0.4 -> 932 | C5: =$B$5 -> 932 | D5: =$B$5 -> 932 | E5: =$B$5 -> 932 | F5: =$B$5 -> 932 | G5: =$B$5 -> 932 | H5: =$B$5 -> 932 | I5: =$B$5 -> 932 | J5: =$B$5 -> 932 | ... M5: =$B$5 -> 932
A6: เป้าหมาย MNF | B6: =ROUND((B4*0.85),0) -> 1981 | C6: =$B$6 -> 1981 | D6: =$B$6 -> 1981 | E6: =$B$6 -> 1981 | F6: =$B$6 -> 1981 | G6: =$B$6 -> 1981 | H6: =$B$6 -> 1981 | I6: =$B$6 -> 1981 | J6: =$B$6 -> 1981 | K6: =ROUND((B4*0.6),0) -> 1398 | L6: =$K$6 -> 1398 | M6: =$K$6 -> 1398
A7: น้ำผลิตจ่าย | B7: 3796 | C7: 3796 | D7: 3796 | E7: 3796 | F7: 3796 | G7: 3796 | H7: 3796 | I7: 3796 | J7: 3796 | K7: 3796 | L7: 3796 | M7: 3796
A8: หมายเหตุ | B8: (MM-01)+(MM-02)+(MM-03)+(MM-04)+(MM-05)+(MM-07)+(MM-08)+(MM-09)+(MM-11)+(MM-14)+(MM-16)+(MM-17)+(MM-18)+(MM-19)+(MM-25)
A10: MM-01 | B10: 303 | C10: 325 | D10: 273 | E10: 283 | F10: 337 | G10: 319
A11: MM-02 | B11: 36 | C11: 36 | D11: 36 | E11: 36 | F11: 36 | G11: 36
A12: MM-03 | B12: 136 | C12: 114 | D12: 12 | E12: 30 | F12: 29 | G12: 31
A13: MM-04 | B13: 245 | C13: 199 | D13: 296 | E13: 266 | F13: 262 | G13: 236
A14: MM-05 | B14: 216 | C14: 192 | D14: 205 | E14: 198 | F14: 193 | G14: 222
A15: MM-07 | B15: 84 | C15: 84 | D15: 84 | E15: 84 | F15: 84 | G15: 84
A16: MM-08 | B16: 116 | C16: 126 | D16: 123 | E16: 113 | F16: 113 | G16: 121
A17: MM-09 | B17: 68 | C17: 50 | D17: 58 | E17: 52 | F17: 52 | G17: 57
A18: MM-11 | B18: 222 | C18: 206 | D18: 307 | E18: 225 | F18: 199 | G18: 214
A19: MM-16 | B19: 77 | C19: 46 | D19: 79 | E19: 45 | F19: 59 | G19: 45
A20: MM-17 | B20: 50 | C20: 49 | D20: 31 | E20: 30 | F20: 26 | G20: 20
A21: MM-18 | B21: 173 | C21: 180 | D21: 146 | E21: 194 | F21: 189 | G21: 189
... A23: MM-25 | B23: 302 | C23: 345 | D23: 325 | E23: 301 | F23: 412 | G23: 326
A25: SUM | B25: =SUM(B10:B23) -> 2330 | C25: =SUM(C10:C23) -> 2254 | D25: =SUM(D10:D23) -> 2160 | E25: =SUM(E10:E23) -> 2172 | F25: =SUM(F10:F23) -> 2213 | G25: =SUM(G10:G23) -> 2105

Sheet 10.พนมสารคาม
A1: โบ๊ท
A2: กปภ.สาขาพนมสารคาม
B3: ต.ค. 68 | C3: พ.ย. 68 | D3: ธ.ค. 68 | E3: ม.ค. 69 | F3: ก.พ. 69 | G3: มี.ค. 69 | H3: เม.ย. 69 | I3: พ.ค. 69 | J3: มิ.ย. 69 | K3: ก.ค. 69 | L3: ส.ค. 69 | M3: ก.ย. 69
A4: MNF เกิดจริง | B4: =B20 -> 674 | C4: =C20 -> 605 | D4: =D20 -> 655 | E4: =E20 -> 603 | F4: =F20 -> 700 | G4: =G20 -> 692 | H4: =H20 -> 0 | I4: =I20 -> 0 | ... M4: =M20 -> 0
A5: MNF ที่ยอมรับได้ | B5: =B4*0.4 -> 269.6 | C5: =$B$5 -> 269.6 | D5: =$B$5 -> 269.6 | E5: =$B$5 -> 269.6 | F5: =$B$5 -> 269.6 | G5: =$B$5 -> 269.6 | H5: =$B$5 -> 269.6 | I5: =$B$5 -> 269.6 | J5: =$B$5 -> 269.6 | ... M5: =$B$5 -> 269.6
A6: เป้าหมาย MNF | B6: =ROUND((B4*0.85),0) -> 573 | C6: =$B$6 -> 573 | D6: =$B$6 -> 573 | E6: =$B$6 -> 573 | F6: =$B$6 -> 573 | G6: =$B$6 -> 573 | H6: =$B$6 -> 573 | I6: =$B$6 -> 573 | J6: =$B$6 -> 573 | K6: =ROUND((B4*0.6),0) -> 404 | L6: =$K$6 -> 404 | M6: =$K$6 -> 404
A7: น้ำผลิตจ่าย | B7: 1062 | C7: 1062 | D7: 1062 | E7: 1062 | F7: 1062 | G7: 1062 | H7: 1062 | I7: 1062 | J7: 1062 | K7: 1062 | L7: 1062 | M7: 1062
A9: MM-01 | B9: 175 | C9: 168 | D9: 184 | E9: 189 | F9: 184 | G9: 181
A10: MM-02 | B10: 64 | C10: 64 | D10: 61 | E10: 60 | F10: 58 | G10: 97
A11: MM-04 | B11: 39 | C11: 57 | D11: 44 | E11: 38 | F11: 41 | G11: 49
A12: MM-05 | B12: 100 | C12: 44 | D12: 94 | E12: 40 | F12: 87 | G12: 84
A13: MM-07 | B13: 11 | C13: 11 | D13: 10 | E13: 7 | F13: 6 | G13: 7
A14: MM-08
A15: MM-09
A16: MM-10 | B16: 52 | C16: 65 | D16: 66 | E16: 56 | F16: 49 | G16: 60
A17: MM-11 | B17: 211 | C17: 190 | D17: 193 | E17: 177 | F17: 188 | G17: 191
A18: MM-12 | B18: 22 | C18: 6 | D18: 3 | E18: 36 | F18: 87 | G18: 23
A20: SUM | B20: =sum(B9:B18) -> 674 | C20: =sum(C9:C18) -> 605 | D20: =sum(D9:D18) -> 655 | E20: =sum(E9:E18) -> 603 | F20: =sum(F9:F18) -> 700 | G20: =sum(G9:G18) -> 692 | H20: =sum(H9:H18) -> 0 | I20: =sum(I9:I18) -> 0 | ... M20: =sum(M9:M18) -> 0

Sheet 11.ระยอง
A2: กปภ.สาขา..................
B3: ต.ค. 68 | C3: พ.ย. 68 | D3: ธ.ค. 68 | E3: ม.ค. 69 | F3: ก.พ. 69 | G3: มี.ค. 69 | H3: เม.ย. 69 | I3: พ.ค. 69 | J3: มิ.ย. 69 | K3: ก.ค. 69 | L3: ส.ค. 69 | M3: ก.ย. 69
A4: MNF เกิดจริง
A5: MNF ที่ยอมรับได้ | B5: =B4*0.5 -> 0 | C5: =$B$5 -> 0 | D5: =$B$5 -> 0 | E5: =$B$5 -> 0 | F5: =$B$5 -> 0 | G5: =$B$5 -> 0 | H5: =$B$5 -> 0 | I5: =$B$5 -> 0 | J5: =$B$5 -> 0 | ... M5: =$B$5 -> 0
A6: เป้าหมาย MNF | B6: =ROUND((B4*0.85),0) -> 0 | C6: =$B$6 -> 0 | D6: =$B$6 -> 0 | E6: =$B$6 -> 0 | F6: =$B$6 -> 0 | G6: =$B$6 -> 0 | H6: =$B$6 -> 0 | I6: =$B$6 -> 0 | J6: =$B$6 -> 0 | K6: =ROUND((B4*0.6),0) -> 0 | L6: =$K$6 -> 0 | M6: =$K$6 -> 0

Sheet 12.บ้านฉาง
A1: ต๊ะ
A2: กปภ.สาขาบ้านฉาง
B3: ต.ค. 68 | C3: พ.ย. 68 | D3: ธ.ค. 68 | E3: ม.ค. 69 | F3: ก.พ. 69 | G3: มี.ค. 69 | H3: เม.ย. 69 | I3: พ.ค. 69 | J3: มิ.ย. 69 | K3: ก.ค. 69 | L3: ส.ค. 69 | M3: ก.ย. 69
A4: MNF เกิดจริง | B4: =B26 -> 2528 | C4: =C26 -> 2459 | D4: =D26 -> 2353 | E4: =E26 -> 2610 | F4: =F26 -> 2497 | G4: =G26 -> 2518
A5: MNF ที่ยอมรับได้ | B5: =B4*0.4 -> 1011.2 | C5: =$B$5 -> 1011.2 | D5: =$B$5 -> 1011.2 | E5: =$B$5 -> 1011.2 | F5: =$B$5 -> 1011.2 | G5: =$B$5 -> 1011.2 | H5: =$B$5 -> 1011.2 | I5: =$B$5 -> 1011.2 | J5: =$B$5 -> 1011.2 | ... M5: =$B$5 -> 1011.2
A6: เป้าหมาย MNF | B6: =ROUND((B4*0.85),0) -> 2149 | C6: =$B$6 -> 2149 | D6: =$B$6 -> 2149 | E6: =$B$6 -> 2149 | F6: =$B$6 -> 2149 | G6: =$B$6 -> 2149 | H6: =$B$6 -> 2149 | I6: =$B$6 -> 2149 | J6: =$B$6 -> 2149 | K6: =ROUND((B4*0.6),0) -> 1517 | L6: =$K$6 -> 1517 | M6: =$K$6 -> 1517
A7: น้ำผลิตจ่าย | B7: 4359 | C7: 4359 | D7: 4359 | E7: 4359 | F7: 4359 | G7: 4359 | H7: 4359 | I7: 4359 | J7: 4359 | K7: 4359 | L7: 4359 | M7: 4359
A9: MM-01 | B9: 132 | C9: 132 | D9: 138 | E9: 133 | F9: 140 | G9: 117
A10: MM-02 | B10: 1 | C10: 1 | D10: 1 | E10: 1 | F10: 1 | G10: 3
A11: MM-03 | B11: 88 | C11: 114 | D11: 90 | E11: 114 | F11: 108 | G11: 110
A12: MM-04 | B12: 258 | C12: 206 | D12: 209 | E12: 374 | F12: 280 | G12: 200
A13: MM-05 | B13: 73 | C13: 61 | D13: 64 | E13: 64 | F13: 31 | G13: 4
A14: MM-06 | B14: 62 | C14: 46 | D14: 44 | E14: 45 | F14: 45 | G14: 102
A15: MM-07 | B15: 210 | C15: 210 | D15: 210 | E15: 210 | F15: 210 | G15: 210
A16: MM-08 | B16: 262 | C16: 262 | D16: 203 | E16: 214 | F16: 244 | G16: 287
A17: MM-09 | B17: 381 | C17: 450 | D17: 375 | E17: 421 | F17: 394 | G17: 400
A18: MM-10 | B18: 212 | C18: 257 | D18: 224 | E18: 212 | F18: 257 | G18: 225
A19: MM-11 | B19: 51 | C19: 47 | D19: 35 | E19: 31 | F19: 12 | G19: 38
A20: MM-12 | B20: 333 | C20: 252 | D20: 255 | E20: 296 | F20: 276 | G20: 307
... A23: MM-17 | B23: 39 | C23: 7 | D23: 37 | E23: 39 | F23: 52 | G23: 50
A24: MM-18 | D24: 18 | E24: 36 | F24: 25 | G24: 26
A26: SUM | B26: =sum(B9:B24) -> 2528 | C26: =sum(C9:C24) -> 2459 | D26: =sum(D9:D24) -> 2353 | E26: =sum(E9:E24) -> 2610 | F26: =sum(F9:F24) -> 2497 | G26: =sum(G9:G24) -> 2518 | H26: =sum(H9:H24) -> 0 | I26: =sum(I9:I24) -> 0 | ... M26: =sum(M9:M24) -> 0

Sheet 13.ปากน้ำประแสร์
A1: ตาล
A2: กปภ.สาขาปากน้ำประแสร์ | Q2: ตค 68 | R2: พย 68 | S2: ธค 68 | T2: มค 69 | U2: กพ 69 | V2: มี.ค. 69
B3: ต.ค. 68 | C3: พ.ย. 68 | D3: ธ.ค. 68 | E3: ม.ค. 69 | F3: ก.พ. 69 | G3: มี.ค. 69 | H3: เม.ย. 69 | I3: พ.ค. 69 | J3: มิ.ย. 69 | K3: ก.ค. 69 | L3: ส.ค. 69 | M3: ก.ย. 69 | P3: MM-01-สถานีผลิตน้ำเขาระโอก 1 (400 มม.) | Q3: 164.48 | R3: 170 | S3: 177.52 | T3: 161.36 | U3: 163.16 | V3: 159.96
A4: MNF เกิดจริง | B4: =Q13 -> 992.24 | C4: =R13 -> 926.86 | D4: =S13 -> 934.07 | E4: =T13 -> 916.63 | F4: =U13 -> 928.55 | G4: =V13 -> 947.36 | P4: Iwm-01-1 สถานีผลิตน้ำเขาระโอก 1 ส่งสถานีผลิตน้ำเขาดิน (ลงถังน้ำใส) | Q4: -31.47 | R4: -31.47 | S4: -31.47 | T4: -31.47 | U4: -31.47 | V4: -31.47
A5: MNF ที่ยอมรับได้ | B5: =B4*0.4 -> 396.896 | C5: =$B$5 -> 396.896 | D5: =$B$5 -> 396.896 | E5: =$B$5 -> 396.896 | F5: =$B$5 -> 396.896 | G5: =$B$5 -> 396.896 | H5: =$B$5 -> 396.896 | I5: =$B$5 -> 396.896 | J5: =$B$5 -> 396.896 | ... M5: =$B$5 -> 396.896 | P5: MM-02-สถานีผลิตน้ำเขาระโอก 1 จ่ายเขาระโอก-วัดโพธิฐาน (300มม.) | Q5: 56.42 | R5: 41.49 | S5: 41.54 | T5: 42.44 | U5: 42.02 | V5: 44.07
A6: เป้าหมาย MNF | B6: =ROUND((B4*0.85),0) -> 843 | C6: =$B$6 -> 843 | D6: =$B$6 -> 843 | E6: =$B$6 -> 843 | F6: =$B$6 -> 843 | G6: =$B$6 -> 843 | H6: =$B$6 -> 843 | I6: =$B$6 -> 843 | J6: =$B$6 -> 843 | K6: =ROUND((B4*0.6),0) -> 595 | L6: =$K$6 -> 595 | M6: =$K$6 -> 595 | P6: DMA-04-สถานีจ่ายน้ำกองดิน-จ่ายพื้นที่กองดิน | Q6: 6.22 | R6: 10.68 | S6: 9.33 | T6: 11.38 | U6: 19.02 | V6: 22.97
A7: น้ำผลิตจ่าย | B7: 1145.77 | C7: 1145.77 | D7: 1145.77 | E7: 1145.77 | F7: 1145.77 | G7: 1145.77 | H7: 1145.77 | I7: 1145.77 | J7: 1145.77 | K7: 1145.77 | L7: 1145.77 | M7: 1145.77 | P7: DMA-05-สถานีจ่ายน้ำสำนักงาน-จ่ายพื้นที่ปากน้ำประแสร์ | Q7: 52.84 | R7: 52.84 | S7: 47.84 | T7: 33.42 | U7: 45.92 | V7: 54.75
P8: MM-06-สถานีผลิตน้ำเขาดิน-จ่ายพื้นที่เขาดิน | Q8: 56.72 | R8: 56.72 | S8: 51 | T8: 64.16 | U8: 58.34 | V8: 56.17
P9: MM-07-สถานีผลิตน้ำประแสร์-จ่ายหนองกระพ้อ-กระแสบน-หนองกันเกรา | Q9: 107.13 | R9: 100 | S9: 102 | T9: 116.49 | U9: 115.59 | V9: 115.64
P10: MM-11-สถานีจ่ายน้ำเพ-จ่ายพื้นที่เพ | Q10: 379.85 | R10: 340.53 | S10: 353.21 | T10: 335.31 | U10: 359.37 | V10: 350.65
P11: MM-14-สถานีจ่ายน้ำแหลมแม่พิมพ์ 300 มม. | Q11: 138.37 | R11: 131.07 | S11: 127.1 | T11: 121.86 | U11: 94.92 | V11: 112.94
P12: MM-15-สถานีผลิต/จ่ายน้ำบึงสำนักใหญ่-จ่ายพื้นที่บึงสำนักใหญ่ | Q12: 61.68 | R12: 55 | S12: 56 | T12: 61.68 | U12: 61.68 | V12: 61.68
P13: รวม | Q13: =sum(Q3:Q12) -> 992.24 | R13: =sum(R3:R12) -> 926.86 | S13: =sum(S3:S12) -> 934.07 | T13: =sum(T3:T12) -> 916.63 | U13: =sum(U3:U12) -> 928.55 | V13: =sum(V3:V12) -> 947.36

Sheet 14.จันทบุรี
A1: โบ๊ท
A2: กปภ.สาขาจันทบุรี
B3: ต.ค. 68 | C3: พ.ย. 68 | D3: ธ.ค. 68 | E3: ม.ค. 69 | F3: ก.พ. 69 | G3: มี.ค. 69 | H3: เม.ย. 69 | I3: พ.ค. 69 | J3: มิ.ย. 69 | K3: ก.ค. 69 | L3: ส.ค. 69 | M3: ก.ย. 69
A4: MNF เกิดจริง | B4: =W48 -> 1779.06 | C4: =X48 -> 1766.83 | D4: =Y48 -> 1773.29 | E4: =Z48 -> 1689.86 | F4: =AA48 -> 1666.63 | G4: =AB48 -> 1788 | H4: =AC48 | I4: =AD48 | ... M4: =AH48
A5: MNF ที่ยอมรับได้ | B5: =B4*0.4 -> 711.624 | C5: =$B$5 -> 711.624 | D5: =$B$5 -> 711.624 | E5: =$B$5 -> 711.624 | F5: =$B$5 -> 711.624 | G5: =$B$5 -> 711.624 | H5: =$B$5 -> 711.624 | I5: =$B$5 -> 711.624 | J5: =$B$5 -> 711.624 | ... M5: =$B$5 -> 711.624
A6: เป้าหมาย MNF | B6: =ROUND((B4*0.85),0) -> 1512 | C6: =$B$6 -> 1512 | D6: =$B$6 -> 1512 | E6: =$B$6 -> 1512 | F6: =$B$6 -> 1512 | G6: =$B$6 -> 1512 | H6: =$B$6 -> 1512 | I6: =$B$6 -> 1512 | J6: =$B$6 -> 1512 | K6: =ROUND((B4*0.6),0) -> 1067 | L6: =$K$6 -> 1067 | M6: =$K$6 -> 1067
A7: น้ำผลิตจ่าย | B7: 2705.2137 | C7: 2705.2137 | D7: 2705.2137 | E7: 2705.2137 | F7: 2705.2137 | G7: 2705.2137 | H7: 2705.2137 | I7: 2705.2137 | J7: 2705.2137 | K7: 2705.2137 | L7: 2705.2137 | M7: 2705.2137
W20: ต.ค. 68 | X20: พ.ย. 68 | Y20: ธ.ค. 68 | Z20: ม.ค. 69 | AA20: ก.พ. 69 | AB20: มี.ค. 69 | AC20: เม.ย. 69 | AD20: พ.ค. 69 | AE20: มิ.ย. 69 | AF20: ก.ค. 69 | AG20: ส.ค. 69 | AH20: ก.ย. 69
V21: MNF เกิดจริง
V22: mm03 | W22: 109.12 | X22: 116 | Y22: 90 | Z22: 98 | AA22: 86 | AB22: 108
V23: mm04 | W23: 457 | X23: 457.61 | Y23: 484.3 | Z23: 404.47 | AA23: 423.52 | AB23: 447
V24: MM-06 | W24: 220 | X24: 220 | Y24: 240 | Z24: 240 | AA24: 240 | AB24: 232
S25: mmm | V25: MM-07 | W25: 126 | X25: 132 | Y25: 126 | Z25: 126 | AA25: 126 | AB25: 128
V26: MM-08 | W26: 87.07 | X26: 90.22 | Y26: 97.79 | Z26: 75.64 | AA26: 76.33 | AB26: 109
V27: lwm-MM-08 | W27: 20 | X27: 23.25 | Y27: 22.15 | Z27: 2.53 | AA27: 29.93 | AB27: 17
V28: MM-09 | W28: 20 | X28: 19.8 | Y28: 22.1 | Z28: 24.2 | AA28: 21.1 | AB28: 19
V29: mm10 | W29: 80.2 | X29: 76.8 | Y29: 82.2 | Z29: 70.5 | AA29: 74.6 | AB29: 67
V30: mm11 | W30: 53.13 | X30: 55.81 | Y30: 56.21 | Z30: 57.51 | AA30: 38.24 | AB30: 38
V31: mm12 | W31: 3.26 | X31: 3.26 | Y31: 3.26 | Z31: 3.26 | AA31: 3.26 | AB31: 3
V32: dma13 | W32: 30 | X32: 32 | Y32: 34 | Z32: 32 | AA32: 32 | AB32: 34
V33: dma14 | W33: 54.6 | X33: 60 | Y33: 54 | Z33: 54.1 | AA33: 59.4 | AB33: 53
V34: dma15 | W34: 160 | X34: 170 | Y34: 172 | Z34: 132 | AA34: 150 | AB34: 146
V35: dma16 | W35: 177.28 | X35: 108.22 | Y35: 108.22 | Z35: 136.6 | AA35: 121.66 | AB35: 127
V36: dma17 | W36: 33.92 | X36: 33.92 | Y36: 33.92 | Z36: 38.3 | AA36: 37.08 | AB36: 45
V37: dma18 | W37: 63.74 | X37: 74.8 | Y37: 68.76 | Z37: 76.18 | AA37: 74.56 | AB37: 74
... V47: dma26 | W47: 11.03 | X47: 6.05 | Y47: 4.54 | Z47: 8.63 | AA47: 8.96 | AB47: 11
W48: =W22+W23+W24+W25+W26+W28+W29+W30+W31+W32+W33+W34+W35+W36+W37+W39+W40+W41+W42+W43+W44+W46+W47-W27-W38-W45 -> 1779.06 | X48: =X22+X23+X24+X25+X26+X28+X29+X30+X31+X32+X33+X34+X35+X36+X37+X39+X40+X41+X42+X43+X44+X46+X47-X27-X38-X45 -> 1766.83 | Y48: =Y22+Y23+Y24+Y25+Y26+Y28+Y29+Y30+Y31+Y32+Y33+Y34+Y35+Y36+Y37+Y39+Y40+Y41+Y42+Y43+Y44+Y46+Y47-Y27-Y38-Y45 -> 1773.29 | Z48: =Z22+Z23+Z24+Z25+Z26+Z28+Z29+Z30+Z31+Z32+Z33+Z34+Z35+Z36+Z37+Z39+Z40+Z41+Z42+Z43+Z44+Z46+Z47-Z27-Z38-Z45 -> 1689.86 | AA48: =AA22+AA23+AA24+AA25+AA26+AA28+AA29+AA30+AA31+AA32+AA33+AA34+AA35+AA36+AA37+AA39+AA40+AA41+AA42+AA43+AA44+AA46+AA47-AA27-AA38-AA45 -> 1666.63 | AB48: =AB22+AB23+AB24+AB25+AB26+AB28+AB29+AB30+AB31+AB32+AB33+AB34+AB35+AB36+AB37+AB39+AB40+AB41+AB42+AB43+AB44+AB46+AB47-AB27-AB38-AB45 -> 1788

Sheet 15.ขลุง
A1: โบ๊ท
A2: กปภ.สาขาขลุง
B3: ต.ค. 68 | C3: พ.ย. 68 | D3: ธ.ค. 68 | E3: ม.ค. 69 | F3: ก.พ. 69 | G3: มี.ค. 69 | H3: เม.ย. 69 | I3: พ.ค. 69 | J3: มิ.ย. 69 | K3: ก.ค. 69 | L3: ส.ค. 69 | M3: ก.ย. 69
A4: MNF เกิดจริง | B4: =V28 -> 614.77 | C4: =W28 -> 586.48 | D4: =X28 -> 540.84 | E4: =Y28 -> 559.42 | F4: =Z28 -> 576.83 | G4: =AA28 -> 538 | H4: =AB28 | I4: =AC28 | ... M4: =AG28
A5: MNF ที่ยอมรับได้ | B5: =B4*0.4 -> 245.908 | C5: =$B$5 -> 245.908 | D5: =$B$5 -> 245.908 | E5: =$B$5 -> 245.908 | F5: =$B$5 -> 245.908 | G5: =$B$5 -> 245.908 | H5: =$B$5 -> 245.908 | I5: =$B$5 -> 245.908 | J5: =$B$5 -> 245.908 | ... M5: =$B$5 -> 245.908
A6: เป้าหมาย MNF | B6: =ROUND((B4*0.85),0) -> 523 | C6: =$B$6 -> 523 | D6: =$B$6 -> 523 | E6: =$B$6 -> 523 | F6: =$B$6 -> 523 | G6: =$B$6 -> 523 | H6: =$B$6 -> 523 | I6: =$B$6 -> 523 | J6: =$B$6 -> 523 | K6: =ROUND((B4*0.6),0) -> 369 | L6: =$K$6 -> 369 | M6: =$K$6 -> 369
A7: น้ำผลิตจ่าย | B7: 775 | C7: 775 | D7: 775 | E7: 775 | F7: 775 | G7: 775 | H7: 775 | I7: 775 | J7: 775 | K7: 775 | L7: 775 | M7: 775
V13: ต.ค. 68 | W13: พ.ย. 68 | X13: ธ.ค. 68 | Y13: ม.ค. 69 | Z13: ก.พ. 69 | AA13: มี.ค. 69 | AB13: เม.ย. 69 | AC13: พ.ค. 69 | AD13: มิ.ย. 69 | AE13: ก.ค. 69 | AF13: ส.ค. 69 | AG13: ก.ย. 69
U14: MNF เกิดจริง
U15: mm01 | V15: 127.15 | W15: 127.15 | X15: 127.15 | Y15: 105.69 | Z15: 119.87 | AA15: 125
U16: mm02 | V16: 188.48 | W16: 143.28 | X16: 132.19 | Y16: 166.75 | Z16: 173.75 | AA16: 157
U17: mm03
U18: mm04 | V18: 119.19 | W18: 152.13 | X18: 123.08 | Y18: 151 | Z18: 121.72 | AA18: 121
U19: mm05 | V19: 22.95 | W19: 24.18 | X19: 24.85 | Y19: 26.69 | Z19: 25.45 | AA19: 19
U20: mm06 | V20: 13.66 | W20: 13.66 | X20: 19.74 | Y20: 18.93 | Z20: 19.71 | AA20: 21
U21: mm07 | V21: 119.61 | W21: 102.35 | X21: 103.07 | Y21: 100.94 | Z21: 99.18 | AA21: 98
U22: mm08 | V22: 146.6 | W22: 146.6 | X22: 146.6 | Y22: 143.3 | Z22: 135.4 | AA22: 134
U23: mm09
U24: Iwm1-mm02 | V24: 88.16 | W24: 88.16 | X24: 77.36 | Y24: 95.4 | Z24: 91.72 | AA24: 82
U25: Iwm2-mm03
U26: Iwm3-mm04 | V26: 34.71 | W26: 34.71 | X26: 58.48 | Y26: 58.48 | Z26: 26.53 | AA26: 55
U27: Iwm4-mm09
V28: =SUM(V15:V23)-V24-V25-V26-V27 -> 614.77 | W28: =SUM(W15:W23)-W24-W25-W26-W27 -> 586.48 | X28: =SUM(X15:X23)-X24-X25-X26-X27 -> 540.84 | Y28: =SUM(Y15:Y23)-Y24-Y25-Y26-Y27 -> 559.42 | Z28: =SUM(Z15:Z23)-Z24-Z25-Z26-Z27 -> 576.83 | AA28: =SUM(AA15:AA23)-AA24-AA25-AA26-AA27 -> 538
B39: [MM-01]+[MM-02]+[MM-03]+[MM-04]+[MM-05]+[MM-06]+[MM-07]+[MM-08]+[MM-09]-[Iwm1-MM02]-[Iwm2-MM03]-[Iwm3-MM04]-[Iwm4-MM09]

Sheet 16.ตราด
A1: เอ
A2: กปภ.สาขาตราด
B3: ต.ค. 68 | C3: พ.ย. 68 | D3: ธ.ค. 68 | E3: ม.ค. 69 | F3: ก.พ. 69 | G3: มี.ค. 69 | H3: เม.ย. 69 | I3: พ.ค. 69 | J3: มิ.ย. 69 | K3: ก.ค. 69 | L3: ส.ค. 69 | M3: ก.ย. 69
A4: MNF เกิดจริง | B4: =B21 -> 1429.66 | C4: =C21 -> 1441.53 | D4: =D21 -> 1428.72 | E4: =E21 -> 1441.03 | F4: =F21 -> 1462.22 | G4: =G21 -> 1523.39
A5: MNF ที่ยอมรับได้ | B5: =B4*0.4 -> 571.864 | C5: =$B$5 -> 571.864 | D5: =$B$5 -> 571.864 | E5: =$B$5 -> 571.864 | F5: =$B$5 -> 571.864 | G5: =$B$5 -> 571.864 | H5: =$B$5 -> 571.864 | I5: =$B$5 -> 571.864 | J5: =$B$5 -> 571.864 | ... M5: =$B$5 -> 571.864
A6: เป้าหมาย MNF | B6: =ROUND((B4*0.85),0) -> 1215 | C6: =$B$6 -> 1215 | D6: =$B$6 -> 1215 | E6: =$B$6 -> 1215 | F6: =$B$6 -> 1215 | G6: =$B$6 -> 1215 | H6: =$B$6 -> 1215 | I6: =$B$6 -> 1215 | J6: =$B$6 -> 1215 | K6: =ROUND((B4*0.6),0) -> 858 | L6: =$K$6 -> 858 | M6: =$K$6 -> 858
A7: น้ำผลิตจ่าย | B7: 1719 | C7: =B7 -> 1719 | D7: =C7 -> 1719 | E7: =D7 -> 1719 | F7: =E7 -> 1719 | G7: =F7 -> 1719 | H7: =G7 -> 1719 | I7: =H7 -> 1719 | J7: =I7 -> 1719 | ... M7: =L7 -> 1719
A8: หมายเหตุ | B8: [MM-02]+[MM-03]+[MM-04]+[MM-05]+[MM-06-1]+[MM-06-2]+[MM-07]+[MM-10]+[MM-11]+[MM-12]-[DMA-12-Bulk sell]
A10: MM-02 | B10: =337.65 -> 337.65 | C10: =348.27 -> 348.27 | D10: =372.34 -> 372.34 | E10: =329.9 -> 329.9 | F10: =315.26 -> 315.26 | G10: 295.51
A11: DMA-03-1 | B11: 107.36 | C11: 97.68 | D11: 92.47 | E11: 104.55 | F11: 97.97 | G11: 135.35
A12: MM-04 | B12: =333.33-80 -> 253.33 | C12: =327.27-80 -> 247.27 | D12: =310.35-80 -> 230.35 | E12: =321.43-80 -> 241.43 | F12: =324.32-80 -> 244.32 | G12: 349.15
A13: MM-05 | B13: =58.79 -> 58.79 | C13: =41.75 -> 41.75 | D13: =56.1 -> 56.1 | E13: =81.5 -> 81.5 | F13: =93.7 -> 93.7 | G13: 54.59
A14: MM-06-1 | B14: =265 -> 265 | C14: =265 -> 265 | D14: =265 -> 265 | E14: =265 -> 265 | F14: =265 -> 265 | G14: 265
A15: MM-06-2 | B15: =201.77 -> 201.77 | C15: =207.77 -> 207.77 | D15: =201.77 -> 201.77 | E15: =201.77 -> 201.77 | F15: =201.77 -> 201.77 | G15: 201.77
A16: MM-07 | B16: =7.19 -> 7.19 | C16: =11.05 -> 11.05 | D16: =9.6 -> 9.6 | E16: =3.79 -> 3.79 | F16: =7.96 -> 7.96 | G16: 9.6
A17: MM-10 | B17: =120 -> 120 | C17: =120 -> 120 | D17: =120 -> 120 | E17: =120 -> 120 | F17: =120 -> 120 | G17: 120
A18: MM-11 | B18: =72.45 -> 72.45 | C18: =88.04 -> 88.04 | D18: =68.95 -> 68.95 | E18: =86.5 -> 86.5 | F18: 83.81 | G18: 70.25
A19: MM-12 | B19: =161.86 -> 161.86 | C19: =167.98 -> 167.98 | D19: =135.22 -> 135.22 | E19: =157.59 -> 157.59 | F19: =154.15 -> 154.15 | G19: 163.17
A20: DMA-12-Bulk sell | B20: -155.74 | C20: -153.28 | D20: -123.08 | E20: -151 | F20: -121.72 | G20: -141
A21: รวม | B21: =SUM(B10:B20) -> 1429.66 | C21: =SUM(C10:C20) -> 1441.53 | D21: =SUM(D10:D20) -> 1428.72 | E21: =SUM(E10:E20) -> 1441.03 | F21: =SUM(F10:F20) -> 1462.22 | G21: =SUM(G10:G20) -> 1523.39

Sheet 17.คลองใหญ่
A1: คิว
A2: กปภ.สาขาคลองใหญ่
B3: ต.ค. 68 | C3: พ.ย. 68 | D3: ธ.ค. 68 | E3: ม.ค. 69 | F3: ก.พ. 69 | G3: มี.ค. 69 | H3: เม.ย. 69 | I3: พ.ค. 69 | J3: มิ.ย. 69 | K3: ก.ค. 69 | L3: ส.ค. 69 | M3: ก.ย. 69
A4: MNF เกิดจริง | B4: =B17 -> 143 | C4: =C17 -> 113 | D4: =D17 -> 132 | E4: =E17 -> 142 | F4: =F17 -> 146 | G4: =G17 -> 158 | H4: =H17 -> 0 | I4: =I17 -> 0 | ... M4: =M17 -> 0
A5: MNF ที่ยอมรับได้ | B5: =B4*0.4 -> 57.2 | C5: =$B$5 -> 57.2 | D5: =$B$5 -> 57.2 | E5: =$B$5 -> 57.2 | F5: =$B$5 -> 57.2 | G5: =$B$5 -> 57.2 | H5: =$B$5 -> 57.2 | I5: =$B$5 -> 57.2 | J5: =$B$5 -> 57.2 | ... M5: =$B$5 -> 57.2
A6: เป้าหมาย MNF | B6: =ROUND((B4*0.85),0) -> 122 | C6: =$B$6 -> 122 | D6: =$B$6 -> 122 | E6: =$B$6 -> 122 | F6: =$B$6 -> 122 | G6: =$B$6 -> 122 | H6: =$B$6 -> 122 | I6: =$B$6 -> 122 | J6: =$B$6 -> 122 | K6: =ROUND((B4*0.6),0) -> 86 | L6: =$K$6 -> 86 | M6: =$K$6 -> 86
A7: น้ำผลิตจ่าย | B7: 206.2043 | C7: 206.2043 | D7: 206.2043 | E7: 206.2043 | F7: 206.2043 | G7: 206.2043 | H7: 206.2043 | I7: 206.2043 | J7: 206.2043 | K7: 206.2043 | L7: 206.2043 | M7: 206.2043
A8: *หมายเหตุ : (MM-01) - (Bulk sale) - (Iwm-01) + (DMA-01) + (MM-02) + (MM-04) + ( MM-05)
A10: MM-01 | B10: 40 | C10: 37 | D10: 41 | E10: 87 | F10: 114 | G10: 120
A11: Bulk sale | B11: -16 | C11: -33 | D11: -29 | E11: -60 | F11: -47 | G11: -20
A12: Iwm-01 | B12: -31 | C12: -31 | D12: -31 | E12: -31 | F12: -80 | G12: -80
A13: DMA-01 | B13: 5 | C13: 5 | D13: 5 | E13: 5 | F13: 5 | G13: 5
A14: MM-02 | B14: 30 | C14: 30 | D14: 30 | E14: 33 | F14: 39 | G14: 27
A15: MM-04 | B15: 66 | C15: 59 | D15: 70 | E15: 64 | F15: 71 | G15: 61
A16: MM-05 | B16: 49 | C16: 46 | D16: 46 | E16: 44 | F16: 44 | G16: 45
A17: Total | B17: =SUM(B10:B16) -> 143 | C17: =SUM(C10:C16) -> 113 | D17: =SUM(D10:D16) -> 132 | E17: =SUM(E10:E16) -> 142 | F17: =SUM(F10:F16) -> 146 | G17: =SUM(G10:G16) -> 158 | H17: =SUM(H10:H16) -> 0 | I17: =SUM(I10:I16) -> 0 | ... M17: =SUM(M10:M16) -> 0

Sheet 18.สระแก้ว
A1: เอ
A2: กปภ.สาขาสระแก้ว
B3: ต.ค. 68 | C3: พ.ย. 68 | D3: ธ.ค. 68 | E3: ม.ค. 69 | F3: ก.พ. 69 | G3: มี.ค. 69 | H3: เม.ย. 69 | I3: พ.ค. 69 | J3: มิ.ย. 69 | K3: ก.ค. 69 | L3: ส.ค. 69 | M3: ก.ย. 69
A4: MNF เกิดจริง | B4: =B17 -> 648.86 | C4: =C17 -> 637.95 | D4: =D17 -> 649.06 | E4: =E17 -> 645.99 | F4: =F17 -> 631.52 | G4: =G17 -> 693.24
A5: MNF ที่ยอมรับได้ | B5: =B4*0.4 -> 259.544 | C5: =$B$5 -> 259.544 | D5: =$B$5 -> 259.544 | E5: =$B$5 -> 259.544 | F5: =$B$5 -> 259.544 | G5: =$B$5 -> 259.544 | H5: =$B$5 -> 259.544 | I5: =$B$5 -> 259.544 | J5: =$B$5 -> 259.544 | ... M5: =$B$5 -> 259.544
A6: เป้าหมาย MNF | B6: =ROUND((B4*0.85),0) -> 552 | C6: =$B$6 -> 552 | D6: =$B$6 -> 552 | E6: =$B$6 -> 552 | F6: =$B$6 -> 552 | G6: =$B$6 -> 552 | H6: =$B$6 -> 552 | I6: =$B$6 -> 552 | J6: =$B$6 -> 552 | K6: =ROUND((B4*0.6),0) -> 389 | L6: =$K$6 -> 389 | M6: =$K$6 -> 389
A7: น้ำผลิตจ่าย | B7: 814 | C7: =B7 -> 814 | D7: =C7 -> 814 | E7: =D7 -> 814 | F7: =E7 -> 814 | G7: =F7 -> 814 | H7: =G7 -> 814 | I7: =H7 -> 814 | J7: =I7 -> 814 | ... M7: =L7 -> 814
A8: หมายเหตุ | B8: [MM-01]+[MM-02]+[DMA-03-1]+[MM-04]+[MM-05]+[MM-06]+[MM-07-1]+[MM-07-2]
A10: MM-01 | B10: 283.78 | C10: 271.53 | D10: 280 | E10: 305.32 | F10: 309.12 | G10: 300.86
A11: MM-02 | B11: 75.63 | C11: 70 | D11: 70 | E11: =51.63 -> 51.63 | F11: =47.61 -> 47.61 | G11: 103.64
A12: MM-04 | B12: 20 | C12: 20 | D12: 30 | E12: 30 | F12: 30 | G12: 25
A13: MM-05 | B13: 29 | C13: 29.31 | D13: =26.65 -> 26.65 | E13: =30.41 -> 30.41 | F13: =23.68 -> 23.68 | G13: 27.81
A14: MM-06 | B14: 5.91 | C14: 5.91 | D14: =5.91 -> 5.91 | E14: =6.5 -> 6.5 | F14: 4.97 | G14: 11.19
A15: MM-07-1 | B15: 151.5 | C15: 151.5 | D15: =151.5 -> 151.5 | E15: =149.61 -> 149.61 | F15: =154.04 -> 154.04 | G15: 164.44
A16: MM-07-2 | B16: 83.04 | C16: 89.7 | D16: 85 | E16: =72.52 -> 72.52 | F16: =62.1 -> 62.1 | G16: 60.3
A17: รวม | B17: =SUM(B10:B16) -> 648.86 | C17: =SUM(C10:C16) -> 637.95 | D17: =SUM(D10:D16) -> 649.06 | E17: =SUM(E10:E16) -> 645.99 | F17: =SUM(F10:F16) -> 631.52 | G17: =SUM(G10:G16) -> 693.24

Sheet 19.วัฒนานคร
A1: ตุ๊กตา
A2: กปภ.สาขาวัฒนานคร
B3: ต.ค. 68 | C3: พ.ย. 68 | D3: ธ.ค. 68 | E3: ม.ค. 69 | F3: ก.พ. 69 | G3: มี.ค. 69 | H3: เม.ย. 69 | I3: พ.ค. 69 | J3: มิ.ย. 69 | K3: ก.ค. 69 | L3: ส.ค. 69 | M3: ก.ย. 69 | P3: ต.ค. | Q3: พ.ย. | R3: ธ.ค. | S3: ม.ค. | T3: ก.พ. | U3: มี.ค
A4: MNF เกิดจริง | B4: =P7 -> 142 | C4: =Q7 -> 126 | D4: =R7 -> 136 | E4: =S7 -> 129 | F4: =T7 -> 144 | G4: =U7 -> 149 | O4: MM-01 | P4: 70 | Q4: 85 | R4: 80 | S4: 67 | T4: 91 | U4: 90
A5: MNF ที่ยอมรับได้ | B5: =B4*0.4 -> 56.8 | C5: =$B$5 -> 56.8 | D5: =$B$5 -> 56.8 | E5: =$B$5 -> 56.8 | F5: =$B$5 -> 56.8 | G5: =$B$5 -> 56.8 | H5: =$B$5 -> 56.8 | I5: =$B$5 -> 56.8 | J5: =$B$5 -> 56.8 | ... M5: =$B$5 -> 56.8 | O5: MM-02 | P5: 60 | Q5: 32 | R5: 44 | S5: 52 | T5: 37 | U5: 44
A6: เป้าหมาย MNF | B6: =ROUND((B4*0.85),0) -> 121 | C6: =$B$6 -> 121 | D6: =$B$6 -> 121 | E6: =$B$6 -> 121 | F6: =$B$6 -> 121 | G6: =$B$6 -> 121 | H6: =$B$6 -> 121 | I6: =$B$6 -> 121 | J6: =$B$6 -> 121 | K6: =ROUND((B4*0.6),0) -> 85 | L6: =$K$6 -> 85 | M6: =$K$6 -> 85 | O6: MM-03 | P6: 12 | Q6: 9 | R6: 12 | S6: 10 | T6: 16 | U6: 15
A7: น้ำผลิตจ่าย | B7: 207 | C7: =$B$7 -> 207 | D7: =$B$7 -> 207 | E7: =$B$7 -> 207 | F7: =$B$7 -> 207 | G7: =$B$7 -> 207 | H7: =$B$7 -> 207 | I7: =$B$7 -> 207 | J7: =$B$7 -> 207 | ... M7: =$B$7 -> 207 | P7: =SUM(P4:P6) -> 142 | Q7: =SUM(Q4:Q6) -> 126 | R7: =SUM(R4:R6) -> 136 | S7: =SUM(S4:S6) -> 129 | T7: =SUM(T4:T6) -> 144 | U7: =SUM(U4:U6) -> 149
A8: หมายเหตุ : | B8: MM01+MM02+MM03
B36: 133 | C36: 141 | D36: 143 | E36: 138 | F36: 147

Sheet 20.อรัญประเทศ
A1: เอ๊ะ
A2: กปภ.สาขาอรัญประเทศ
B3: ต.ค. 68 | C3: พ.ย. 68 | D3: ธ.ค. 68 | E3: ม.ค. 69 | F3: ก.พ. 69 | G3: มี.ค. 69 | H3: เม.ย. 69 | I3: พ.ค. 69 | J3: มิ.ย. 69 | K3: ก.ค. 69 | L3: ส.ค. 69 | M3: ก.ย. 69
A4: MNF เกิดจริง | B4: =B36 -> 670 | C4: =C36 -> 664.88 | D4: =D36 -> 674.47 | E4: =E36 -> 674.53 | F4: =F36 -> 659.47 | G4: =G36 -> 607.92
A5: MNF ที่ยอมรับได้ | B5: =B4*0.4 -> 268 | C5: =$B$5 -> 268 | D5: =$B$5 -> 268 | E5: =$B$5 -> 268 | F5: =$B$5 -> 268 | G5: =$B$5 -> 268 | H5: =$B$5 -> 268 | I5: =$B$5 -> 268 | J5: =$B$5 -> 268 | ... M5: =$B$5 -> 268
A6: เป้าหมาย MNF | B6: =ROUND((B4*0.85),0) -> 570 | C6: =$B$6 -> 570 | D6: =$B$6 -> 570 | E6: =$B$6 -> 570 | F6: =$B$6 -> 570 | G6: =$B$6 -> 570 | H6: =$B$6 -> 570 | I6: =$B$6 -> 570 | J6: =$B$6 -> 570 | K6: =ROUND((B4*0.6),0) -> 402 | L6: =$K$6 -> 402 | M6: =$K$6 -> 402
A7: น้ำผลิตจ่าย | B7: 853 | C7: 853 | D7: 853 | E7: 853 | F7: 853 | G7: 853 | H7: 853 | I7: 853 | J7: 853 | K7: 853 | L7: 853 | M7: 853
A33: สูตรคำนวณ (MM-01)+(DMA-08)+(DMA-09)+(MM-03-1)+(MM-04)+(DMA-05)
B35: ต.ค. 68 | C35: พ.ย. 68 | D35: ธ.ค. 68 | E35: ม.ค. 69 | F35: ก.พ. 69 | G35: มี.ค. 69
A36: MNF เกิดจริง | B36: 670 | C36: =SUM(C37:C42) -> 664.88 | D36: =SUM(D37:D42) -> 674.47 | E36: =SUM(E37:E42) -> 674.53 | F36: =SUM(F37:F42) -> 659.47 | G36: =SUM(G37:G42) -> 607.92
A37: MM-01 | B37: 45 | C37: 48.85 | D37: 35.26 | E37: 54.19 | F37: 63.72 | G37: 56.19
A38: DMA-08 | B38: 107.85 | C38: 108.01 | D38: 49.88 | E38: 36.42 | F38: 37.74 | G38: 32.05
A39: DMA-09 | B39: 164.82 | C39: 157.38 | D39: 162.33 | E39: 158.73 | F39: 155.34 | G39: 128.8
A40: MM-03-1 | B40: 37.64 | C40: 46.17 | D40: 46.17 | E40: 46.17 | F40: 46.17 | G40: 50.01
A41: MM-04 | B41: 230 | C41: 227.97 | D41: 304.33 | E41: 302.52 | F41: 280 | G41: 289.27
A42: DMA-05 | B42: 76.5 | C42: 76.5 | D42: 76.5 | E42: 76.5 | F42: 76.5 | G42: 51.6

Sheet 21.ปราจีนบุรี
A1: โบ๊ท
A2: กปภ.สาขาปราจีนบุรี
B3: ต.ค. 68 | C3: พ.ย. 68 | D3: ธ.ค. 68 | E3: ม.ค. 69 | F3: ก.พ. 69 | G3: มี.ค. 69 | H3: เม.ย. 69 | I3: พ.ค. 69 | J3: มิ.ย. 69 | K3: ก.ค. 69 | L3: ส.ค. 69 | M3: ก.ย. 69
A4: MNF เกิดจริง | B4: =X27 -> 1658.8 | C4: =Y27 -> 1637.85 | D4: =Z27 -> 1625.4 | E4: =AA27 -> 1637.84 | F4: =AB27 -> 1687.53 | G4: =AC27 -> 1368 | H4: =AD27 | I4: =AE27 | ... M4: =AI27
A5: MNF ที่ยอมรับได้ | B5: =B4*0.4 -> 663.52 | C5: =$B$5 -> 663.52 | D5: =$B$5 -> 663.52 | E5: =$B$5 -> 663.52 | F5: =$B$5 -> 663.52 | G5: =$B$5 -> 663.52 | H5: =$B$5 -> 663.52 | I5: =$B$5 -> 663.52 | J5: =$B$5 -> 663.52 | ... M5: =$B$5 -> 663.52
A6: เป้าหมาย MNF | B6: =ROUND((B4*0.85),0) -> 1410 | C6: =$B$6 -> 1410 | D6: =$B$6 -> 1410 | E6: =$B$6 -> 1410 | F6: =$B$6 -> 1410 | G6: =$B$6 -> 1410 | H6: =$B$6 -> 1410 | I6: =$B$6 -> 1410 | J6: =$B$6 -> 1410 | K6: =ROUND((B4*0.6),0) -> 995 | L6: =$K$6 -> 995 | M6: =$K$6 -> 995
A7: น้ำผลิตจ่าย | B7: 2214 | C7: 2214 | D7: 2214 | E7: 2214 | F7: 2214 | G7: 2214 | H7: 2214 | I7: 2214 | J7: 2214 | K7: 2214 | L7: 2214 | M7: 2214
X13: ต.ค. 68 | Y13: พ.ย. 68 | Z13: ธ.ค. 68 | AA13: ม.ค. 69 | AB13: ก.พ. 69 | AC13: มี.ค. 69 | AD13: เม.ย. 69 | AE13: พ.ค. 69 | AF13: มิ.ย. 69 | AG13: ก.ค. 69 | AH13: ส.ค. 69 | AI13: ก.ย. 69
W14: MNF เกิดจริง
W15: mm01 | X15: 388.81 | Y15: 359.55 | Z15: 350 | AA15: 350 | AB15: 398.91 | AC15: 420
W16: mm02 | X16: 56.26 | Y16: 61.41 | Z16: 76.2 | AA16: 69.12 | AB16: 94.09 | AC16: 91
W17: mwm01 | X17: 0 | Y17: 0 | Z17: 0 | AA17: 0 | AB17: 0
W18: mm03 | X18: 112 | Y18: 112 | Z18: 112 | AA18: 112 | AB18: 112 | AC18: 119
W19: mm04
W20: mm05 | X20: 576.3 | Y20: 576.3 | Z20: 576.3 | AA20: 576.3 | AB20: 576.3 | AC20: 331
W21: mm06 | X21: 194.81 | Y21: 181.88 | Z21: 161.05 | AA21: 173.99 | AB21: 148.11 | AC21: 172
W22: mm07 | X22: 5.71 | Y22: 5.71 | Z22: 5.71 | AA22: 5.71 | AB22: 1.06 | AC22: 16
W23: mm08 | X23: 252 | Y23: 252 | Z23: 252 | AA23: 252 | AB23: 252 | AC23: 146
W24: mm09 | X24: 82.71 | Y24: 90.75 | Z24: 89.52 | AA24: 101.37 | AB24: 93.94 | AC24: 70
W25: mm10 | X25: 45.26 | Y25: 53.31 | Z25: 57.68 | AA25: 52.41 | AB25: 54.47 | AC25: 61
W26: Bulk Sell-MM-08 | X26: 55.06 | Y26: 55.06 | Z26: 55.06 | AA26: 55.06 | AB26: 43.35 | AC26: 58
X27: =SUM(X15:X25)-X26 -> 1658.8 | Y27: =SUM(Y15:Y25)-Y26 -> 1637.85 | Z27: =SUM(Z15:Z25)-Z26 -> 1625.4 | AA27: =SUM(AA15:AA25)-AA26 -> 1637.84 | AB27: =SUM(AB15:AB25)-AB26 -> 1687.53 | AC27: =SUM(AC15:AC25)-AC26 -> 1368
B35: สูตร : [MM-01+MM-02+MM-03+Mwm-01+MM-04+MM-05+MM-06+MM-07+MM-08+MM-09+MM-10]-Bulk Sell-MM-08

Sheet 22.กบินทร์บุรี
A1: เอ๊ะ
A2: กปภ.สาขากบินทร์บุรี
B3: ต.ค. 68 | C3: พ.ย. 68 | D3: ธ.ค. 68 | E3: ม.ค. 69 | F3: ก.พ. 69 | G3: มี.ค. 69 | H3: เม.ย. 69 | I3: พ.ค. 69 | J3: มิ.ย. 69 | K3: ก.ค. 69 | L3: ส.ค. 69 | M3: ก.ย. 69
A4: MNF เกิดจริง | B4: =B36 -> 518.77 | C4: =C36 -> 492 | D4: =D36 -> 497 | E4: =E36 -> 500 | F4: =F36 -> 502 | G4: =G36 -> 505.6
A5: MNF ที่ยอมรับได้ | B5: =B4*0.4 -> 207.508 | C5: =$B$5 -> 207.508 | D5: =$B$5 -> 207.508 | E5: =$B$5 -> 207.508 | F5: =$B$5 -> 207.508 | G5: =$B$5 -> 207.508 | H5: =$B$5 -> 207.508 | I5: =$B$5 -> 207.508 | J5: =$B$5 -> 207.508 | ... M5: =$B$5 -> 207.508
A6: เป้าหมาย MNF | B6: =ROUND((B4*0.85),0) -> 441 | C6: =$B$6 -> 441 | D6: =$B$6 -> 441 | E6: =$B$6 -> 441 | F6: =$B$6 -> 441 | G6: =$B$6 -> 441 | H6: =$B$6 -> 441 | I6: =$B$6 -> 441 | J6: =$B$6 -> 441 | K6: =ROUND((B4*0.6),0) -> 311 | L6: =$K$6 -> 311 | M6: =$K$6 -> 311
A7: น้ำผลิตจ่าย | B7: 730 | C7: 730 | D7: 730 | E7: 730 | F7: 730 | G7: 730 | H7: 730 | I7: 730 | J7: 730 | K7: 730 | L7: 730 | M7: 730
A33: สูตรคำนวณ [MM-01]+[MM-04]
B35: ต.ค. 68 | C35: พ.ย. 68 | D35: ธ.ค. 68 | E35: ม.ค. 69 | F35: ก.พ. 69 | G35: มี.ค. 69
A36: MNF เกิดจริง | B36: =SUM(B37:B38) -> 518.77 | C36: =SUM(C37:C38) -> 492 | D36: =SUM(D37:D38) -> 497 | E36: =SUM(E37:E38) -> 500 | F36: =SUM(F37:F38) -> 502 | G36: =SUM(G37:G38) -> 505.6
A37: MM-01 | B37: 446.77 | C37: 420 | D37: 425 | E37: 428 | F37: 430 | G37: 428.8
A38: MM-04 | B38: 72 | C38: 72 | D38: 72 | E38: 72 | F38: 72 | G38: 76.8
