Workbook

Sheet กราฟ
B1: Data | C1: ปีงบประมาณ 2569
C2: ต.ค.-68 | D2: พ.ย.-68 | E2: ธ.ค.-68 | F2: ม.ค.-69 | G2: ก.พ.-69 | H2: มี.ค.-69 | I2: เม.ย.-69 | J2: พ.ค.-69 | K2: มิ.ย.-69 | L2: ก.ค.-69 | M2: ส.ค.-69 | N2: ก.ย.-69
A3: {=_xludf.SEQUENCE(23,1)} -> #NAME? | B3: ชลบุรี (พ) | C3: =VLOOKUP(C2,'ชลบุรี(ชั้นพิเศษ)'!$A$2:$D$14,4,0) -> 0.46444023 | D3: =VLOOKUP(D2,'ชลบุรี(ชั้นพิเศษ)'!$A$2:$D$14,4,0) -> 0.38890044 | E3: =VLOOKUP(E2,'ชลบุรี(ชั้นพิเศษ)'!$A$2:$D$14,4,0) -> 0.37579908 | F3: =VLOOKUP(F2,'ชลบุรี(ชั้นพิเศษ)'!$A$2:$D$14,4,0) -> 0.42529728 | G3: =VLOOKUP(G2,'ชลบุรี(ชั้นพิเศษ)'!$A$2:$D$14,4,0) -> 0.38278322
A4: #NAME? | B4: พัทยา (พ) | C4: =VLOOKUP(C2,'พัทยา(ชั้นพิเศษ)'!$A$2:$D$14,4,0) -> 0.53887926 | D4: =VLOOKUP(D2,'พัทยา(ชั้นพิเศษ)'!$A$2:$D$14,4,0) -> 0.45819503 | E4: =VLOOKUP(E2,'พัทยา(ชั้นพิเศษ)'!$A$2:$D$14,4,0) -> 0.4843213 | F4: =VLOOKUP(F2,'พัทยา(ชั้นพิเศษ)'!$A$2:$D$14,4,0) -> 0.44915159 | G4: =VLOOKUP(G2,'พัทยา(ชั้นพิเศษ)'!$A$2:$D$14,4,0) -> 0.4079482
A5: #NAME? | B5: บ้านบึง | C5: =VLOOKUP(C2,บ้านบึง!$A$2:$D$14,4,0) -> 0.80896558 | D5: =VLOOKUP(D2,บ้านบึง!$A$2:$D$14,4,0) -> 0.766976 | E5: =VLOOKUP(E2,บ้านบึง!$A$2:$D$14,4,0) -> 0.82188649 | F5: =VLOOKUP(F2,บ้านบึง!$A$2:$D$14,4,0) -> 0.69123503 | G5: =VLOOKUP(G2,บ้านบึง!$A$2:$D$14,4,0) -> 0.70013735
A6: #NAME? | B6: พนัสนิคม | C6: =VLOOKUP(C2,พนัสนิคม!$A$2:$D$14,4,0) -> 0.45523143 | D6: =VLOOKUP(D2,พนัสนิคม!$A$2:$D$14,4,0) -> 0.36289478 | E6: =VLOOKUP(E2,พนัสนิคม!$A$2:$D$14,4,0) -> 0.31049695 | F6: =VLOOKUP(F2,พนัสนิคม!$A$2:$D$14,4,0) -> 0.29308318 | G6: =VLOOKUP(G2,พนัสนิคม!$A$2:$D$14,4,0) -> 0.31308436
A7: #NAME? | B7: ศรีราชา | C7: =VLOOKUP(C2,ศรีราชา!$A$2:$D$14,4,0) -> 0.33240985 | D7: =VLOOKUP(D2,ศรีราชา!$A$2:$D$14,4,0) -> 0.28711543 | E7: =VLOOKUP(E2,ศรีราชา!$A$2:$D$14,4,0) -> 0.30772074 | F7: =VLOOKUP(F2,ศรีราชา!$A$2:$D$14,4,0) -> 0.2859351 | G7: =VLOOKUP(G2,ศรีราชา!$A$2:$D$14,4,0) -> 0.23927287
A8: #NAME? | B8: แหลมฉบัง | C8: =VLOOKUP(C2,แหลมฉบัง!$A$2:$D$14,4,0) -> 0.15032963 | D8: =VLOOKUP(D2,แหลมฉบัง!$A$2:$D$14,4,0) -> 0.14690436 | E8: =VLOOKUP(E2,แหลมฉบัง!$A$2:$D$14,4,0) -> 0.16186465 | F8: =VLOOKUP(F2,แหลมฉบัง!$A$2:$D$14,4,0) -> 0.14482937 | G8: =VLOOKUP(G2,แหลมฉบัง!$A$2:$D$14,4,0) -> 0.13328946
A9: #NAME? | B9: ฉะเชิงเทรา | C9: 0 | D9: 0 | E9: 0 | F9: 0 | G9: 0
A10: #NAME? | B10: บางปะกง | C10: 0 | D10: 0 | E10: 0 | F10: 0 | G10: 0
A11: #NAME? | B11: บางคล้า | C11: =VLOOKUP(C2,บางคล้า!$A$2:$D$14,4,0) -> 0.54263197 | D11: =VLOOKUP(D2,บางคล้า!$A$2:$D$14,4,0) -> 0.47606508 | E11: =VLOOKUP(E2,บางคล้า!$A$2:$D$14,4,0) -> 0.50268767 | F11: =VLOOKUP(F2,บางคล้า!$A$2:$D$14,4,0) -> 0.4515625 | G11: =VLOOKUP(G2,บางคล้า!$A$2:$D$14,4,0) -> 0.42838592
A12: #NAME? | B12: พนมสารคาม | C12: =VLOOKUP(C2,พนมสารคาม!$A$2:$D$14,4,0) -> 1.082435 | D12: =VLOOKUP(D2,พนมสารคาม!$A$2:$D$14,4,0) -> 1.0607181 | E12: =VLOOKUP(E2,พนมสารคาม!$A$2:$D$14,4,0) -> 1.1464665 | F12: =VLOOKUP(F2,พนมสารคาม!$A$2:$D$14,4,0) -> 0.89310278 | G12: =VLOOKUP(G2,พนมสารคาม!$A$2:$D$14,4,0) -> 0.80878709
A13: #NAME? | B13: ระยอง | C13: 0 | D13: 0 | E13: 0 | F13: 0 | G13: 0
A14: #NAME? | B14: บ้านฉาง | C14: =VLOOKUP(C2,บ้านฉาง!$A$2:$D$14,4,0) -> 0.50960819 | D14: =VLOOKUP(D2,บ้านฉาง!$A$2:$D$14,4,0) -> 0.4631722 | E14: =VLOOKUP(E2,บ้านฉาง!$A$2:$D$14,4,0) -> 0.488799 | F14: =VLOOKUP(F2,บ้านฉาง!$A$2:$D$14,4,0) -> 0.47194403 | G14: =VLOOKUP(G2,บ้านฉาง!$A$2:$D$14,4,0) -> 0.45754585
A15: #NAME? | B15: ปากน้ำประแสร์ | C15: =VLOOKUP(C2,ปากน้ำประแสร์!$A$2:$D$14,4,0) -> 0.75345275 | D15: =VLOOKUP(D2,ปากน้ำประแสร์!$A$2:$D$14,4,0) -> 0.65245981 | E15: =VLOOKUP(E2,ปากน้ำประแสร์!$A$2:$D$14,4,0) -> 0.68877574 | F15: =VLOOKUP(F2,ปากน้ำประแสร์!$A$2:$D$14,4,0) -> 0.61133695 | G15: =VLOOKUP(G2,ปากน้ำประแสร์!$A$2:$D$14,4,0) -> 0.56848493
A16: #NAME? | B16: จันทบุรี | C16: =VLOOKUP(C2,จันทบุรี!$A$2:$D$14,4,0) -> 0.46287549 | D16: =VLOOKUP(D2,จันทบุรี!$A$2:$D$14,4,0) -> 0.42048646 | E16: =VLOOKUP(E2,จันทบุรี!$A$2:$D$14,4,0) -> 0.37826672 | F16: =VLOOKUP(F2,จันทบุรี!$A$2:$D$14,4,0) -> 0.41568026 | G16: =VLOOKUP(G2,จันทบุรี!$A$2:$D$14,4,0) -> 0.42078808
A17: #NAME? | B17: ขลุง | C17: =VLOOKUP(C2,ขลุง!$A$2:$D$14,4,0) -> 0.67066244 | D17: =VLOOKUP(D2,ขลุง!$A$2:$D$14,4,0) -> 0.61193346 | E17: =VLOOKUP(E2,ขลุง!$A$2:$D$14,4,0) -> 0.60613749 | F17: =VLOOKUP(F2,ขลุง!$A$2:$D$14,4,0) -> 0.55965167 | G17: =VLOOKUP(G2,ขลุง!$A$2:$D$14,4,0) -> 0.50762902
A18: #NAME? | B18: ตราด | C18: =VLOOKUP(C2,ตราด!$A$2:$D$14,4,0) -> 1.0917075 | D18: =VLOOKUP(D2,ตราด!$A$2:$D$14,4,0) -> 0.9964243 | E18: =VLOOKUP(E2,ตราด!$A$2:$D$14,4,0) -> 1.120793 | F18: =VLOOKUP(F2,ตราด!$A$2:$D$14,4,0) -> 0.9833031 | G18: =VLOOKUP(G2,ตราด!$A$2:$D$14,4,0) -> 0.8720317
A19: #NAME? | B19: คลองใหญ่ | C19: =VLOOKUP(C2,คลองใหญ่!$A$2:$D$14,4,0) -> 0.58979472 | D19: =VLOOKUP(D2,คลองใหญ่!$A$2:$D$14,4,0) -> 0.60740156 | E19: =VLOOKUP(E2,คลองใหญ่!$A$2:$D$14,4,0) -> 0.54628413 | F19: =VLOOKUP(F2,คลองใหญ่!$A$2:$D$14,4,0) -> 0.60471403 | G19: =VLOOKUP(G2,คลองใหญ่!$A$2:$D$14,4,0) -> 0.54232875
A20: #NAME? | B20: สระแก้ว | C20: =VLOOKUP(C2,สระแก้ว!$A$2:$D$14,4,0) -> 0.47233235 | D20: =VLOOKUP(D2,สระแก้ว!$A$2:$D$14,4,0) -> 0.39416864 | E20: =VLOOKUP(E2,สระแก้ว!$A$2:$D$14,4,0) -> 0.51025652 | F20: =VLOOKUP(F2,สระแก้ว!$A$2:$D$14,4,0) -> 0.43147328 | G20: =VLOOKUP(G2,สระแก้ว!$A$2:$D$14,4,0) -> 0.3861856
A21: #NAME? | B21: วัฒนานคร | C21: =VLOOKUP(C2,วัฒนานคร!$A$2:$D$14,4,0) -> 0.32448561 | D21: =VLOOKUP(D2,วัฒนานคร!$A$2:$D$14,4,0) -> 0.25941292 | E21: =VLOOKUP(E2,วัฒนานคร!$A$2:$D$14,4,0) -> 0.4522472 | F21: =VLOOKUP(F2,วัฒนานคร!$A$2:$D$14,4,0) -> 0.40702914 | G21: =VLOOKUP(G2,วัฒนานคร!$A$2:$D$14,4,0) -> 0.34947845
A22: #NAME? | B22: อรัญประเทศ | C22: =VLOOKUP(C2,อรัญประเทศ!$A$2:$D$14,4,0) -> 0.64473662 | D22: =VLOOKUP(D2,อรัญประเทศ!$A$2:$D$14,4,0) -> 0.58473012 | E22: =VLOOKUP(E2,อรัญประเทศ!$A$2:$D$14,4,0) -> 0.65249217 | F22: =VLOOKUP(F2,อรัญประเทศ!$A$2:$D$14,4,0) -> 0.65239176 | G22: =VLOOKUP(G2,อรัญประเทศ!$A$2:$D$14,4,0) -> 0.47215182
A23: #NAME? | B23: ปราจีนบุรี | C23: =VLOOKUP(C2,ปราจีนบุรี!$A$2:$D$14,4,0) -> 0.64274253 | D23: =VLOOKUP(D2,ปราจีนบุรี!$A$2:$D$14,4,0) -> 0.59887701 | E23: =VLOOKUP(E2,ปราจีนบุรี!$A$2:$D$14,4,0) -> 0.58561828 | F23: =VLOOKUP(F2,ปราจีนบุรี!$A$2:$D$14,4,0) -> 0.57474223 | G23: =VLOOKUP(G2,ปราจีนบุรี!$A$2:$D$14,4,0) -> 0.51896581
A24: #NAME? | B24: กบินทร์บุรี | C24: =VLOOKUP(C2,กบินทร์บุรี!$A$2:$D$14,4,0) -> 0.45798608 | D24: =VLOOKUP(D2,กบินทร์บุรี!$A$2:$D$14,4,0) -> 0.42835541 | E24: =VLOOKUP(E2,กบินทร์บุรี!$A$2:$D$14,4,0) -> 0.44299102 | F24: =VLOOKUP(F2,กบินทร์บุรี!$A$2:$D$14,4,0) -> 0.40985946 | G24: =VLOOKUP(G2,กบินทร์บุรี!$A$2:$D$14,4,0) -> 0.38416566
A25: #NAME? | B25: ภาพรวม กปภ.ข.1 | C25: =VLOOKUP(C2,'กปภ.ข.1'!$A$2:$D$14,4,0) -> 0.4462462 | D25: =VLOOKUP(D2,'กปภ.ข.1'!$A$2:$D$14,4,0) -> 0.39553009 | E25: =VLOOKUP(E2,'กปภ.ข.1'!$A$2:$D$14,4,0) -> 0.40938229 | F25: =VLOOKUP(F2,'กปภ.ข.1'!$A$2:$D$14,4,0) -> 0.38668509 | G25: =VLOOKUP(G2,'กปภ.ข.1'!$A$2:$D$14,4,0) -> 0.36550896

Sheet กปภ.ข.1
A1: กปภ.ข.1
A2: เดือน | B2: หน่วยไฟฟ้าระบบจำหน่าย | C2: ปริมาณน้ำจำหน่าย | D2: หน่วยไฟฟ้าระบบจำหน่าย/ปริมาณน้ำจำหน่าย
A3: ต.ค.-68 | B3: ='ชลบุรี(ชั้นพิเศษ)'!B3+บ้านบึง!B3+พนัสนิคม!B3+ศรีราชา!B3+แหลมฉบัง!B3+'พัทยา(ชั้นพิเศษ)'!B3+บางคล้า!B3+พนมสารคาม!B3+บ้านฉาง!B3+ปากน้ำประแสร์!B3+จันทบุรี!B3+ขลุง!B3+ตราด!B3+คลองใหญ่!B3+สระแก้ว!B3++วัฒนานคร!B3+อรัญประเทศ!B3++ปราจีนบุรี!B3+กบินทร์บุรี!B4 -> 11924861 | C3: 26722605 | D3: =B3/C3 -> 0.4462462
A4: พ.ย.-68 | B4: ='ชลบุรี(ชั้นพิเศษ)'!B4+บ้านบึง!B4+พนัสนิคม!B4+ศรีราชา!B4+แหลมฉบัง!B4+'พัทยา(ชั้นพิเศษ)'!B4+บางคล้า!B4+พนมสารคาม!B4+บ้านฉาง!B4+ปากน้ำประแสร์!B4+จันทบุรี!B4+ขลุง!B4+ตราด!B4+คลองใหญ่!B4+สระแก้ว!B4++วัฒนานคร!B4+อรัญประเทศ!B4++ปราจีนบุรี!B4+กบินทร์บุรี!B5 -> 11037364 | C4: 27905244 | D4: =B4/C4 -> 0.39553009
A5: ธ.ค.-68 | B5: ='ชลบุรี(ชั้นพิเศษ)'!B5+บ้านบึง!B5+พนัสนิคม!B5+ศรีราชา!B5+แหลมฉบัง!B5+'พัทยา(ชั้นพิเศษ)'!B5+บางคล้า!B5+พนมสารคาม!B5+บ้านฉาง!B5+ปากน้ำประแสร์!B5+จันทบุรี!B5+ขลุง!B5+ตราด!B5+คลองใหญ่!B5+สระแก้ว!B5++วัฒนานคร!B5+อรัญประเทศ!B5++ปราจีนบุรี!B5+กบินทร์บุรี!B6 -> 11269589 | C5: 27528277 | D5: =B5/C5 -> 0.40938229
A6: ม.ค.-69 | B6: ='ชลบุรี(ชั้นพิเศษ)'!B6+บ้านบึง!B6+พนัสนิคม!B6+ศรีราชา!B6+แหลมฉบัง!B6+'พัทยา(ชั้นพิเศษ)'!B6+บางคล้า!B6+พนมสารคาม!B6+บ้านฉาง!B6+ปากน้ำประแสร์!B6+จันทบุรี!B6+ขลุง!B6+ตราด!B6+คลองใหญ่!B6+สระแก้ว!B6++วัฒนานคร!B6+อรัญประเทศ!B6++ปราจีนบุรี!B6+กบินทร์บุรี!B7 -> 11567674 | C6: 29914973 | D6: =B6/C6 -> 0.38668509
A7: ก.พ.-69 | B7: ='ชลบุรี(ชั้นพิเศษ)'!B7+บ้านบึง!B7+พนัสนิคม!B7+ศรีราชา!B7+แหลมฉบัง!B7+'พัทยา(ชั้นพิเศษ)'!B7+บางคล้า!B7+พนมสารคาม!B7+บ้านฉาง!B7+ปากน้ำประแสร์!B7+จันทบุรี!B7+ขลุง!B7+ตราด!B7+คลองใหญ่!B7+สระแก้ว!B7++วัฒนานคร!B7+อรัญประเทศ!B7++ปราจีนบุรี!B7+กบินทร์บุรี!B8 -> 10510962 | C7: 28757056 | D7: =B7/C7 -> 0.36550896
A8: มี.ค.-69 | B8: ='ชลบุรี(ชั้นพิเศษ)'!B8+บ้านบึง!B8+พนัสนิคม!B8+ศรีราชา!B8+แหลมฉบัง!B8+'พัทยา(ชั้นพิเศษ)'!B8+บางคล้า!B8+พนมสารคาม!B8+บ้านฉาง!B8+ปากน้ำประแสร์!B8+จันทบุรี!B8+ขลุง!B8+ตราด!B8+คลองใหญ่!B8+สระแก้ว!B8++วัฒนานคร!B8+อรัญประเทศ!B8++ปราจีนบุรี!B8+กบินทร์บุรี!B9 -> 2996071.3 | C8: 0 | D8: =B8/C8 -> #DIV/0!
A9: เม.ย.-69 | B9: ='ชลบุรี(ชั้นพิเศษ)'!B9+บ้านบึง!B9+พนัสนิคม!B9+ศรีราชา!B9+แหลมฉบัง!B9+'พัทยา(ชั้นพิเศษ)'!B9+บางคล้า!B9+พนมสารคาม!B9+บ้านฉาง!B9+ปากน้ำประแสร์!B9+จันทบุรี!B9+ขลุง!B9+ตราด!B9+คลองใหญ่!B9+สระแก้ว!B9++วัฒนานคร!B9+อรัญประเทศ!B9++ปราจีนบุรี!B9+กบินทร์บุรี!B10 -> 0 | C9: 0 | D9: =B9/C9 -> #DIV/0!
A10: พ.ค.-69 | B10: ='ชลบุรี(ชั้นพิเศษ)'!B10+บ้านบึง!B10+พนัสนิคม!B10+ศรีราชา!B10+แหลมฉบัง!B10+'พัทยา(ชั้นพิเศษ)'!B10+บางคล้า!B10+พนมสารคาม!B10+บ้านฉาง!B10+ปากน้ำประแสร์!B10+จันทบุรี!B10+ขลุง!B10+ตราด!B10+คลองใหญ่!B10+สระแก้ว!B10++วัฒนานคร!B10+อรัญประเทศ!B10++ปราจีนบุรี!B10+กบินทร์บุรี!B11 -> 0 | C10: 0 | D10: =B10/C10 -> #DIV/0!
A11: มิ.ย.-69 | B11: ='ชลบุรี(ชั้นพิเศษ)'!B11+บ้านบึง!B11+พนัสนิคม!B11+ศรีราชา!B11+แหลมฉบัง!B11+'พัทยา(ชั้นพิเศษ)'!B11+บางคล้า!B11+พนมสารคาม!B11+บ้านฉาง!B11+ปากน้ำประแสร์!B11+จันทบุรี!B11+ขลุง!B11+ตราด!B11+คลองใหญ่!B11+สระแก้ว!B11++วัฒนานคร!B11+อรัญประเทศ!B11++ปราจีนบุรี!B11+กบินทร์บุรี!B12 -> 0 | C11: 0 | D11: =B11/C11 -> #DIV/0!
A12: ก.ค.-69 | B12: ='ชลบุรี(ชั้นพิเศษ)'!B12+บ้านบึง!B12+พนัสนิคม!B12+ศรีราชา!B12+แหลมฉบัง!B12+'พัทยา(ชั้นพิเศษ)'!B12+บางคล้า!B12+พนมสารคาม!B12+บ้านฉาง!B12+ปากน้ำประแสร์!B12+จันทบุรี!B12+ขลุง!B12+ตราด!B12+คลองใหญ่!B12+สระแก้ว!B12++วัฒนานคร!B12+อรัญประเทศ!B12++ปราจีนบุรี!B12+กบินทร์บุรี!B13 -> 0 | C12: 0 | D12: =B12/C12 -> #DIV/0!
A13: ส.ค.-69 | B13: ='ชลบุรี(ชั้นพิเศษ)'!B13+บ้านบึง!B13+พนัสนิคม!B13+ศรีราชา!B13+แหลมฉบัง!B13+'พัทยา(ชั้นพิเศษ)'!B13+บางคล้า!B13+พนมสารคาม!B13+บ้านฉาง!B13+ปากน้ำประแสร์!B13+จันทบุรี!B13+ขลุง!B13+ตราด!B13+คลองใหญ่!B13+สระแก้ว!B13++วัฒนานคร!B13+อรัญประเทศ!B13++ปราจีนบุรี!B13+กบินทร์บุรี!B14 -> 0 | C13: 0 | D13: =B13/C13 -> #DIV/0!
A14: ก.ย.-69 | B14: ='ชลบุรี(ชั้นพิเศษ)'!B14+บ้านบึง!B14+พนัสนิคม!B14+ศรีราชา!B14+แหลมฉบัง!B14+'พัทยา(ชั้นพิเศษ)'!B14+บางคล้า!B14+พนมสารคาม!B14+บ้านฉาง!B14+ปากน้ำประแสร์!B14+จันทบุรี!B14+ขลุง!B14+ตราด!B14+คลองใหญ่!B14+สระแก้ว!B14++วัฒนานคร!B14+อรัญประเทศ!B14++ปราจีนบุรี!B14+กบินทร์บุรี!B15 -> 0 | C14: 0 | D14: =B14/C14 -> #DIV/0!
B15: OISระบบจำหน่าย+กรค. | C15: OISปริมาณน้ำจำหน่าย

Sheet ชลบุรี(ชั้นพิเศษ)
A1: กปภ.สาขาชลบุรี(ชั้นพิเศษ)
A2: เดือน | B2: หน่วยไฟฟ้า | C2: ปริมาณน้ำจำหน่าย | D2: หน่วยไฟฟ้า/ปริมาณน้ำจำหน่าย
A3: ต.ค.-68 | B3: =624810.15+1109386.44 -> 1734196.6 | C3: 3733950 | D3: =B3/C3 -> 0.46444023
A4: พ.ย.-68 | B4: =594253.06+906028 -> 1500281.1 | C4: 3857751 | D4: =B4/C4 -> 0.38890044
A5: ธ.ค.-68 | B5: =556624+848306.88 -> 1404930.9 | C5: 3738516 | D5: =B5/C5 -> 0.37579908
A6: ม.ค.-69 | B6: =639884.05+1083462.2 -> 1723346.2 | C6: 4052098 | D6: =B6/C6 -> 0.42529728
A7: ก.พ.-69 | B7: =626214+849523.25 -> 1475737.2 | C7: 3855282 | D7: =B7/C7 -> 0.38278322
A8: มี.ค.-69 | B8: 962765.72
A9: เม.ย.-69
A10: พ.ค.-69
A11: มิ.ย.-69
A12: ก.ค.-69
A13: ส.ค.-69
A14: ก.ย.-69

Sheet บ้านบึง
A1: กปภ.สาขาบ้านบึง
A2: เดือน | B2: หน่วยไฟฟ้า | C2: ปริมาณน้ำจำหน่าย | D2: หน่วยไฟฟ้า/ปริมาณน้ำจำหน่าย
A3: ต.ค.-68 | B3: =393177.93+644698.21 -> 1037876.1 | C3: 1282967 | D3: =B3/C3 -> 0.80896558
A4: พ.ย.-68 | B4: =417082.93+609621.82 -> 1026704.8 | C4: 1338640 | D4: =B4/C4 -> 0.766976
A5: ธ.ค.-68 | B5: =422155.29+653893.85 -> 1076049.1 | C5: 1309243 | D5: =B5/C5 -> 0.82188649
A6: ม.ค.-69 | B6: =409956.82+537203.14 -> 947159.96 | C6: 1370243 | D6: =B6/C6 -> 0.69123503
A7: ก.พ.-69 | B7: =393066+583995.27 -> 977061.27 | C7: 1395528 | D7: =B7/C7 -> 0.70013735
A8: มี.ค.-69 | B8: =648722.21 -> 648722.21
A9: เม.ย.-69
A10: พ.ค.-69
A11: มิ.ย.-69
A12: ก.ค.-69
A13: ส.ค.-69
A14: ก.ย.-69

Sheet พนัสนิคม
A1: กปภ.สาขาพนัสนิคม
A2: เดือน | B2: หน่วยไฟฟ้า | C2: ปริมาณน้ำจำหน่าย | D2: หน่วยไฟฟ้า/ปริมาณน้ำจำหน่าย
A3: ต.ค.-68 | B3: =479120.16+295967.8 -> 775087.96 | C3: 1702624 | D3: =B3/C3 -> 0.45523143
A4: พ.ย.-68 | B4: =405581.25+237702.36 -> 643283.61 | C4: 1772645 | D4: =B4/C4 -> 0.36289478
A5: ธ.ค.-68 | B5: =332720.33+198618.51 -> 531338.84 | C5: 1711253 | D5: =B5/C5 -> 0.31049695
A6: ม.ค.-69 | B6: =347677.26+174426.98 -> 522104.24 | C6: 1781420 | D6: =B6/C6 -> 0.29308318
A7: ก.พ.-69 | B7: =319139+251377.73 -> 570516.73 | C7: 1822246 | D7: =B7/C7 -> 0.31308436
A8: มี.ค.-69
A9: เม.ย.-69
A10: พ.ค.-69
A11: มิ.ย.-69
A12: ก.ค.-69
A13: ส.ค.-69
A14: ก.ย.-69

Sheet ศรีราชา
A1: กปภ.สาขาศรีราชา
A2: เดือน | B2: หน่วยไฟฟ้า | C2: ปริมาณน้ำจำหน่าย | D2: หน่วยไฟฟ้า/ปริมาณน้ำจำหน่าย
A3: ต.ค.-68 | B3: =94728.59+399920.2 -> 494648.79 | C3: 1488069 | D3: =B3/C3 -> 0.33240985
A4: พ.ย.-68 | B4: =96079.79+346692.4 -> 442772.19 | C4: 1542140 | D4: =B4/C4 -> 0.28711543
A5: ธ.ค.-68 | B5: =90887.46+381428.8 -> 472316.26 | C5: 1534886 | D5: =B5/C5 -> 0.30772074
A6: ม.ค.-69 | B6: =95787.82+386828.6 -> 482616.42 | C6: 1687853 | D6: =B6/C6 -> 0.2859351
A7: ก.พ.-69 | B7: =83199+313166.8 -> 396365.8 | C7: 1656543 | D7: =B7/C7 -> 0.23927287
A8: มี.ค.-69
A9: เม.ย.-69
A10: พ.ค.-69
A11: มิ.ย.-69
A12: ก.ค.-69
A13: ส.ค.-69
A14: ก.ย.-69

Sheet แหลมฉบัง
A1: กปภ.สาขาแหลมฉบัง
A2: เดือน | B2: หน่วยไฟฟ้า | C2: ปริมาณน้ำจำหน่าย | D2: หน่วยไฟฟ้า/ปริมาณน้ำจำหน่าย
A3: ต.ค.-68 | B3: =49790.32+246509.38 -> 296299.7 | C3: 1971000 | D3: =B3/C3 -> 0.15032963
A4: พ.ย.-68 | B4: =59080.35+246361.57 -> 305441.92 | C4: 2079189 | D4: =B4/C4 -> 0.14690436
A5: ธ.ค.-68 | B5: =63986.59+258250.64 -> 322237.23 | C5: 1990782 | D5: =B5/C5 -> 0.16186465
A6: ม.ค.-69 | B6: =64180.42+ 241298.03 -> 305478.45 | C6: 2109230 | D6: =B6/C6 -> 0.14482937
A7: ก.พ.-69 | B7: =57566+217047.21 -> 274613.21 | C7: 2060277 | D7: =B7/C7 -> 0.13328946
A8: มี.ค.-69 | B8: 245728.32
A9: เม.ย.-69
A10: พ.ค.-69
A11: มิ.ย.-69
A12: ก.ค.-69
A13: ส.ค.-69
A14: ก.ย.-69

Sheet พัทยา(ชั้นพิเศษ)
A1: กปภ.สาขาพัทยา(ชั้นพิเศษ)
A2: เดือน | B2: หน่วยไฟฟ้า | C2: ปริมาณน้ำจำหน่าย | D2: หน่วยไฟฟ้า/ปริมาณน้ำจำหน่าย
A3: ต.ค.-68 | B3: =536056.16+1848740 -> 2384796.2 | C3: 4425474 | D3: =B3/C3 -> 0.53887926
A4: พ.ย.-68 | B4: =523767.12+1601176 -> 2124943.1 | C4: 4637639 | D4: =B4/C4 -> 0.45819503
A5: ธ.ค.-68 | B5: =534477.66+1741460 -> 2275937.7 | C5: 4699231 | D5: =B5/C5 -> 0.4843213
A6: ม.ค.-69 | B6: =677152.57+1741460 -> 2418612.6 | C6: 5384847 | D6: =B6/C6 -> 0.44915159
A7: ก.พ.-69 | B7: =614989+1474609 -> 2089598 | C7: 5122214 | D7: =B7/C7 -> 0.4079482
A8: มี.ค.-69
A9: เม.ย.-69
A10: พ.ค.-69
A11: มิ.ย.-69
A12: ก.ค.-69
A13: ส.ค.-69
A14: ก.ย.-69

Sheet ฉะเชิงเทรา
A1: กปภ.สาขาฉะเชิงเทรา
A2: เดือน | B2: หน่วยไฟฟ้า | C2: ปริมาณน้ำจำหน่าย | D2: หน่วยไฟฟ้า/ปริมาณน้ำจำหน่าย
A3: ต.ค.-68 | C3: 837219 | D3: =B3/C3 -> 0
A4: พ.ย.-68 | C4: 871629 | D4: =B4/C4 -> 0
A5: ธ.ค.-68 | C5: 857688 | D5: =B5/C5 -> 0
A6: ม.ค.-69 | C6: 937184 | D6: =B6/C6 -> 0
A7: ก.พ.-69 | C7: 898904 | D7: =B7/C7 -> 0
A8: มี.ค.-69
A9: เม.ย.-69
A10: พ.ค.-69
A11: มิ.ย.-69
A12: ก.ค.-69
A13: ส.ค.-69
A14: ก.ย.-69

Sheet บางปะกง
A1: กปภ.สาขาบางปะกง
A2: เดือน | B2: หน่วยไฟฟ้า | C2: ปริมาณน้ำจำหน่าย | D2: หน่วยไฟฟ้า/ปริมาณน้ำจำหน่าย
A3: ต.ค.-68 | C3: 1128129 | D3: =B3/C3 -> 0
A4: พ.ย.-68 | C4: 1154856 | D4: =B4/C4 -> 0
A5: ธ.ค.-68 | C5: 1149651 | D5: =B5/C5 -> 0
A6: ม.ค.-69 | C6: 1187612 | D6: =B6/C6 -> 0
A7: ก.พ.-69 | C7: 1216487 | D7: =B7/C7 -> 0
A8: มี.ค.-69
A9: เม.ย.-69
A10: พ.ค.-69
A11: มิ.ย.-69
A12: ก.ค.-69
A13: ส.ค.-69
A14: ก.ย.-69

Sheet บางคล้า
A1: กปภ.สาขาบางคล้า
A2: เดือน | B2: หน่วยไฟฟ้า | C2: ปริมาณน้ำจำหน่าย | D2: หน่วยไฟฟ้า/ปริมาณน้ำจำหน่าย
A3: ต.ค.-68 | B3: =628519.5+265365.2 -> 893884.7 | C3: 1647313 | D3: =B3/C3 -> 0.54263197
A4: พ.ย.-68 | B4: =568921.01+256611.54 -> 825532.55 | C4: 1734075 | D4: =B4/C4 -> 0.47606508
A5: ธ.ค.-68 | B5: =604864.74+246712.3 -> 851577.04 | C5: 1694048 | D5: =B5/C5 -> 0.50268767
A6: ม.ค.-69 | B6: =586083.39 +222926.96 -> 809010.35 | C6: 1791580 | D6: =B6/C6 -> 0.4515625
A7: ก.พ.-69 | B7: =586431+199572.35 -> 786003.35 | C7: 1834802 | D7: =B7/C7 -> 0.42838592
A8: มี.ค.-69 | B8: 249543.17
A9: เม.ย.-69
A10: พ.ค.-69
A11: มิ.ย.-69
A12: ก.ค.-69
A13: ส.ค.-69
A14: ก.ย.-69

Sheet พนมสารคาม
A1: กปภ.สาขาพนมสารคาม
A2: เดือน | B2: หน่วยไฟฟ้า | C2: ปริมาณน้ำจำหน่าย | D2: หน่วยไฟฟ้า/ปริมาณน้ำจำหน่าย
A3: ต.ค.-68 | B3: =119407.97+449850 -> 569257.97 | C3: 525905 | D3: =B3/C3 -> 1.082435
A4: พ.ย.-68 | B4: =115998.81+471437.48 -> 587436.29 | C4: 553810 | D4: =B4/C4 -> 1.0607181
A5: ธ.ค.-68 | B5: =121481.52+514883.03 -> 636364.55 | C5: 555066 | D5: =B5/C5 -> 1.1464665
A6: ม.ค.-69 | B6: =111757.4+423505.89 -> 535263.29 | C6: 599330 | D6: =B6/C6 -> 0.89310278
A7: ก.พ.-69 | B7: =100633+392022.67 -> 492655.67 | C7: 609129 | D7: =B7/C7 -> 0.80878709
A8: มี.ค.-69
A9: เม.ย.-69
A10: พ.ค.-69
A11: มิ.ย.-69
A12: ก.ค.-69
A13: ส.ค.-69
A14: ก.ย.-69

Sheet ระยอง
A1: กปภ.สาขาระยอง
A2: เดือน | B2: หน่วยไฟฟ้า | C2: ปริมาณน้ำจำหน่าย | D2: หน่วยไฟฟ้า/ปริมาณน้ำจำหน่าย
A3: ต.ค.-68 | C3: 1573915 | D3: =B4/C3 -> 0
A4: พ.ย.-68 | C4: 1625680 | D4: =B5/C4 -> 0
A5: ธ.ค.-68 | C5: 1605048 | D5: =B6/C5 -> 0
A6: ม.ค.-69 | C6: 1761969 | D6: =B7/C6 -> 0
A7: ก.พ.-69 | C7: 1651184 | D7: =B8/C7 -> 0
A8: มี.ค.-69
A9: เม.ย.-69
A10: พ.ค.-69
A11: มิ.ย.-69
A12: ก.ค.-69
A13: ส.ค.-69
A14: ก.ย.-69

Sheet บ้านฉาง
A1: กปภ.สาขาบ้านฉาง
A2: เดือน | B2: หน่วยไฟฟ้า | C2: ปริมาณน้ำจำหน่าย | D2: หน่วยไฟฟ้า/ปริมาณน้ำจำหน่าย
A3: ต.ค.-68 | B3: =342136.43+810953 -> 1153089.4 | C3: 2262698 | D3: =B3/C3 -> 0.50960819
A4: พ.ย.-68 | B4: =403485.34+684127 -> 1087612.3 | C4: 2348181.4 | D4: =B4/C4 -> 0.4631722
A5: ธ.ค.-68 | B5: =464957.82+684127 -> 1149084.8 | C5: 2350833 | D5: =B5/C5 -> 0.488799
A6: ม.ค.-69 | B6: =515248.29 +710573 -> 1225821.3 | C6: 2597387 | D6: =B6/C6 -> 0.47194403
A7: ก.พ.-69 | B7: =425158+734125 -> 1159283 | C7: 2533698 | D7: =B7/C7 -> 0.45754585
A8: มี.ค.-69
A9: เม.ย.-69
A10: พ.ค.-69
A11: มิ.ย.-69
A12: ก.ค.-69
A13: ส.ค.-69
A14: ก.ย.-69

Sheet ปากน้ำประแสร์
A1: กปภ.สาขาปากน้ำประแสร์
A2: เดือน | B2: หน่วยไฟฟ้า | C2: ปริมาณน้ำจำหน่าย | D2: หน่วยไฟฟ้า/ปริมาณน้ำจำหน่าย
A3: ต.ค.-68 | B3: =119264.79+187068 -> 306332.79 | C3: 406572 | D3: =B3/C3 -> 0.75345275
A4: พ.ย.-68 | B4: =117768.51+182455 -> 300223.51 | C4: 460141 | D4: =B4/C4 -> 0.65245981
A5: ธ.ค.-68 | B5: =96737.17+219300 -> 316037.17 | C5: 458839 | D5: =B5/C5 -> 0.68877574
A6: ม.ค.-69 | B6: =130492.91+ 188982 -> 319474.91 | C6: 522584 | D6: =B6/C6 -> 0.61133695
A7: ก.พ.-69 | B7: =122723+178080 -> 300803 | C7: 529131 | D7: =B7/C7 -> 0.56848493
A8: มี.ค.-69
A9: เม.ย.-69
A10: พ.ค.-69
A11: มิ.ย.-69
A12: ก.ค.-69
A13: ส.ค.-69
A14: ก.ย.-69

Sheet จันทบุรี
A1: กปภ.สาขาจันทบุรี
A2: เดือน | B2: หน่วยไฟฟ้า | C2: ปริมาณน้ำจำหน่าย | D2: หน่วยไฟฟ้า/ปริมาณน้ำจำหน่าย
A3: ต.ค.-68 | B3: =202487.76+325262.97 -> 527750.73 | C3: 1140157 | D3: =B3/C3 -> 0.46287549
A4: พ.ย.-68 | B4: =192597.97+311964.76 -> 504562.73 | C4: 1199950 | D4: =B4/C4 -> 0.42048646
A5: ธ.ค.-68 | B5: =223478.44+224723.75 -> 448202.19 | C5: 1184884 | D5: =B5/C5 -> 0.37826672
A6: ม.ค.-69 | B6: =226428.11+324714.45 -> 551142.56 | C6: 1325881 | D6: =B6/C6 -> 0.41568026
A7: ก.พ.-69 | B7: =203108+320827.44 -> 523935.44 | C7: 1245129 | D7: =B7/C7 -> 0.42078808
A8: มี.ค.-69 | B8: 381883.53
A9: เม.ย.-69
A10: พ.ค.-69
A11: มิ.ย.-69
A12: ก.ค.-69
A13: ส.ค.-69
A14: ก.ย.-69

Sheet ขลุง
A1: กปภ.สาขาขลุง
A2: เดือน | B2: หน่วยไฟฟ้า | C2: ปริมาณน้ำจำหน่าย | D2: หน่วยไฟฟ้า/ปริมาณน้ำจำหน่าย
A3: ต.ค.-68 | B3: =27524.74+129390.15 -> 156914.89 | C3: 233970 | D3: =B3/C3 -> 0.67066244
A4: พ.ย.-68 | B4: =19938.9+134682 -> 154620.9 | C4: 252676 | D4: =B4/C4 -> 0.61193346
A5: ธ.ค.-68 | B5: =22402.21+126444.55 -> 148846.76 | C5: 245566 | D5: =B5/C5 -> 0.60613749
A6: ม.ค.-69 | B6: =26950.54 +126291.6 -> 153242.14 | C6: 273817 | D6: =B6/C6 -> 0.55965167
A7: ก.พ.-69 | B7: =24383+111975.8 -> 136358.8 | C7: 268619 | D7: =B7/C7 -> 0.50762902
A8: มี.ค.-69
A9: เม.ย.-69
A10: พ.ค.-69
A11: มิ.ย.-69
A12: ก.ค.-69
A13: ส.ค.-69
A14: ก.ย.-69

Sheet ตราด
A1: กปภ.สาขาตราด
A2: เดือน | B2: หน่วยไฟฟ้า | C2: ปริมาณน้ำจำหน่าย | D2: หน่วยไฟฟ้า/ปริมาณน้ำจำหน่าย
A3: ต.ค.-68 | B3: =194259.89+340425.68 -> 534685.57 | C3: 489770 | D3: =B3/C3 -> 1.0917075
A4: พ.ย.-68 | B4: =194101.18+318054.93 -> 512156.11 | C4: 513994 | D4: =B4/C4 -> 0.9964243
A5: ธ.ค.-68 | B5: =224077.83+338058.14 -> 562135.97 | C5: 501552 | D5: =B5/C5 -> 1.120793
A6: ม.ค.-69 | B6: =208111+337274.13 -> 545385.13 | C6: 554646 | D6: =B6/C6 -> 0.9833031
A7: ก.พ.-69 | B7: =185513+302930.27 -> 488443.27 | C7: 560121 | D7: =B7/C7 -> 0.8720317
A8: มี.ค.-69
A9: เม.ย.-69
A10: พ.ค.-69
A11: มิ.ย.-69
A12: ก.ค.-69
A13: ส.ค.-69
A14: ก.ย.-69

Sheet คลองใหญ่
A1: กปภ.สาขาคลองใหญ่
A2: เดือน | B2: หน่วยไฟฟ้า | C2: ปริมาณน้ำจำหน่าย | D2: หน่วยไฟฟ้า/ปริมาณน้ำจำหน่าย
A3: ต.ค.-68 | B3: =216.67+37191.06 -> 37407.73 | C3: 63425 | D3: =B3/C3 -> 0.58979472
A4: พ.ย.-68 | B4: =117.5+41748.26 -> 41865.76 | C4: 68926 | D4: =B4/C4 -> 0.60740156
A5: ธ.ค.-68 | B5: =139.2+38179.9 -> 38319.1 | C5: 70145 | D5: =B5/C5 -> 0.54628413
A6: ม.ค.-69 | B6: =135.2+ 41850.7 -> 41985.9 | C6: 69431 | D6: =B6/C6 -> 0.60471403
A7: ก.พ.-69 | B7: =99+41198.25 -> 41297.25 | C7: 76148 | D7: =B7/C7 -> 0.54232875
A8: มี.ค.-69
A9: เม.ย.-69
A10: พ.ค.-69
A11: มิ.ย.-69
A12: ก.ค.-69
A13: ส.ค.-69
A14: ก.ย.-69

Sheet สระแก้ว
A1: กปภ.สาขาสระแก้ว
A2: เดือน | B2: หน่วยไฟฟ้า | C2: ปริมาณน้ำจำหน่าย | D2: หน่วยไฟฟ้า/ปริมาณน้ำจำหน่าย
A3: ต.ค.-68 | B3: =30479.74+111010.25 -> 141489.99 | C3: 299556 | D3: =B3/C3 -> 0.47233235
A4: พ.ย.-68 | B4: =30218.45+91712.89 -> 121931.34 | C4: 309338 | D4: =B4/C4 -> 0.39416864
A5: ธ.ค.-68 | B5: =35356.31+117049.66 -> 152405.97 | C5: 298685 | D5: =B5/C5 -> 0.51025652
A6: ม.ค.-69 | B6: =32618.96+ 113960.28 -> 146579.24 | C6: 339718 | D6: =B6/C6 -> 0.43147328
A7: ก.พ.-69 | B7: =28665+97974.14 -> 126639.14 | C7: 327923 | D7: =B7/C7 -> 0.3861856
A8: มี.ค.-69 | B8: 108884.61
A9: เม.ย.-69
A10: พ.ค.-69
A11: มิ.ย.-69
A12: ก.ค.-69
A13: ส.ค.-69
A14: ก.ย.-69

Sheet วัฒนานคร
A1: กปภ.สาขาวัฒนานคร
A2: เดือน | B2: หน่วยไฟฟ้า | C2: ปริมาณน้ำจำหน่าย | D2: หน่วยไฟฟ้า/ปริมาณน้ำจำหน่าย
A3: ต.ค.-68 | B3: =8951.52+26125.05 -> 35076.57 | C3: 108099 | D3: =B3/C3 -> 0.32448561
A4: พ.ย.-68 | B4: =7699.78+21070.15 -> 28769.93 | C4: 110904 | D4: =B4/C4 -> 0.25941292
A5: ธ.ค.-68 | B5: =8249.76+41635.82 -> 49885.58 | C5: 110306 | D5: =B5/C5 -> 0.4522472
A6: ม.ค.-69 | B6: =19902.68+ 28195.14 -> 48097.82 | C6: 118168 | D6: =B6/C6 -> 0.40702914
A7: ก.พ.-69 | B7: =17967+24844.46 -> 42811.46 | C7: 122501 | D7: =B7/C7 -> 0.34947845
A8: มี.ค.-69 | B8: 24380.03
A9: เม.ย.-69
A10: พ.ค.-69
A11: มิ.ย.-69
A12: ก.ค.-69
A13: ส.ค.-69
A14: ก.ย.-69

Sheet อรัญประเทศ
A1: กปภ.สาขาอรัญประเทศ
A2: เดือน | B2: หน่วยไฟฟ้า | C2: ปริมาณน้ำจำหน่าย | D2: หน่วยไฟฟ้า/ปริมาณน้ำจำหน่าย
A3: ต.ค.-68 | B3: =39512.24+185408 -> 224920.24 | C3: 348856 | D3: =B3/C3 -> 0.64473662
A4: พ.ย.-68 | B4: =35156.54+176162 -> 211318.54 | C4: 361395 | D4: =B4/C4 -> 0.58473012
A5: ธ.ค.-68 | B5: =32788.5+195189 -> 227977.5 | C5: 349395 | D5: =B5/C5 -> 0.65249217
A6: ม.ค.-69 | B6: =27850.01 +156938 -> 184788.01 | C6: 283247 | D6: =B6/C6 -> 0.65239176
A7: ก.พ.-69 | B7: =26467+146791 -> 173258 | C7: 366954 | D7: =B7/C7 -> 0.47215182
A8: มี.ค.-69
A9: เม.ย.-69
A10: พ.ค.-69
A11: มิ.ย.-69
A12: ก.ค.-69
A13: ส.ค.-69
A14: ก.ย.-69

Sheet ปราจีนบุรี
A1: กปภ.สาขาปราจีนบุรี
A2: เดือน | B2: หน่วยไฟฟ้า | C2: ปริมาณน้ำจำหน่าย | D2: หน่วยไฟฟ้า/ปริมาณน้ำจำหน่าย
A3: ต.ค.-68 | B3: =174588.01+313590.37 -> 488178.38 | C3: 759524 | D3: =B3/C3 -> 0.64274253
A4: พ.ย.-68 | B4: =169809.57+310054.41 -> 479863.98 | C4: 801273 | D4: =B4/C4 -> 0.59887701
A5: ธ.ค.-68 | B5: =140577.27+328528.74 -> 469106.01 | C5: 801044 | D5: =B5/C5 -> 0.58561828
A6: ม.ค.-69 | B6: =131941.02+346742.24 -> 478683.26 | C6: 832866 | D6: =B6/C6 -> 0.57474223
A7: ก.พ.-69 | B7: =122765+332815.88 -> 455580.88 | C7: 877863 | D7: =B7/C7 -> 0.51896581
A8: มี.ค.-69 | B8: 374163.69
A9: เม.ย.-69
A10: พ.ค.-69
A11: มิ.ย.-69
A12: ก.ค.-69
A13: ส.ค.-69
A14: ก.ย.-69

Sheet กบินทร์บุรี
A1: กปภ.สาขากบินทร์บุรี
A2: เดือน | B2: หน่วยไฟฟ้า | C2: ปริมาณน้ำจำหน่าย | D2: หน่วยไฟฟ้า/ปริมาณน้ำจำหน่าย
A3: ต.ค.-68 | B3: =46455.07+87924 -> 134379.07 | C3: 293413 | D3: =B3/C3 -> 0.45798608
A4: พ.ย.-68 | B4: =46429.06+86537.6 -> 132966.66 | C4: 310412 | D4: =B4/C4 -> 0.42835541
A5: ธ.ค.-68 | B5: =48967.49+89075.6 -> 138043.09 | C5: 311616 | D5: =B5/C5 -> 0.44299102
A6: ม.ค.-69 | B6: =48236.5+88600 -> 136836.5 | C6: 333862 | D6: =B6/C6 -> 0.40985946
A7: ก.พ.-69 | B7: =47007+81875.2 -> 128882.2 | C7: 335486 | D7: =B7/C7 -> 0.38416566
A8: มี.ค.-69
A9: เม.ย.-69
A10: พ.ค.-69
A11: มิ.ย.-69
A12: ก.ค.-69
A13: ส.ค.-69
A14: ก.ย.-69
